,Trial,Size,Comparisons,Swaps,QuickSort duration
0,0.0,100.0,296.0,367.0,0.015571117401123047
1,0.0,200.0,797.0,927.0,0.02009129524230957
2,0.0,300.0,1577.0,1778.0,0.017586946487426758
3,0.0,400.0,2086.0,2356.0,0.03404998779296875
4,0.0,500.0,2177.0,2511.0,0.03180289268493652
5,0.0,600.0,3317.0,3718.0,0.049652814865112305
6,0.0,700.0,3609.0,4084.0,0.033490896224975586
7,0.0,800.0,3556.0,4093.0,0.049798011779785156
8,0.0,900.0,4856.0,5450.0,0.045616865158081055
9,0.0,1000.0,5694.0,6361.0,0.05888199806213379
10,0.0,1100.0,6002.0,6728.0,0.06914472579956055
11,0.0,1200.0,6590.0,7383.0,0.07006192207336426
12,0.0,1300.0,7888.0,8744.0,0.13268780708312988
13,0.0,1400.0,9133.0,10067.0,0.10767698287963867
14,0.0,1500.0,7473.0,8471.0,0.11166787147521973
15,0.0,1600.0,12820.0,13866.0,0.18556475639343262
16,0.0,1700.0,9453.0,10600.0,0.13448429107666016
17,0.0,1800.0,11138.0,12331.0,0.1328887939453125
18,0.0,1900.0,12833.0,14092.0,0.14427685737609863
19,0.0,2000.0,13933.0,15279.0,0.24893903732299805
20,0.0,2100.0,11890.0,13306.0,0.1695249080657959
21,0.0,2200.0,13103.0,14577.0,0.24328994750976562
22,0.0,2300.0,13236.0,14788.0,0.16139626502990723
23,0.0,2400.0,16358.0,17971.0,0.29709887504577637
24,0.0,2500.0,15132.0,16812.0,0.19292998313903809
25,0.0,2600.0,21111.0,22847.0,0.24259686470031738
26,0.0,2700.0,16540.0,18331.0,0.1901261806488037
27,0.0,2800.0,16559.0,18438.0,0.28629398345947266
28,0.0,2900.0,18630.0,20573.0,0.24238300323486328
29,0.0,3000.0,16744.0,18761.0,0.21370387077331543
30,0.0,3100.0,19401.0,21438.0,0.21881914138793945
31,0.0,3200.0,22693.0,24818.0,0.2616550922393799
32,0.0,3300.0,22370.0,24551.0,0.22698116302490234
33,0.0,3400.0,25531.0,27788.0,0.27564406394958496
34,0.0,3500.0,23517.0,25852.0,0.2709519863128662
35,0.0,3600.0,26103.0,28501.0,0.2544219493865967
36,0.0,3700.0,24365.0,26841.0,0.25787997245788574
37,0.0,3800.0,24670.0,27209.0,0.2708120346069336
38,0.0,3900.0,26601.0,29199.0,0.2920997142791748
39,0.0,4000.0,25862.0,28530.0,0.27858829498291016
40,0.0,4100.0,30279.0,33002.0,0.3217611312866211
41,0.0,4200.0,29785.0,32590.0,0.3571512699127197
42,0.0,4300.0,26995.0,29871.0,0.38626885414123535
43,0.0,4400.0,29343.0,32274.0,0.5214681625366211
44,0.0,4500.0,28923.0,31905.0,0.3657820224761963
45,0.0,4600.0,29229.0,32277.0,0.3380148410797119
46,0.0,4700.0,31072.0,34191.0,0.34937000274658203
47,0.0,4800.0,33084.0,36275.0,0.334730863571167
48,0.0,4900.0,35725.0,38999.0,0.3968360424041748
49,0.0,5000.0,33449.0,36782.0,0.32976579666137695
50,0.0,5100.0,34465.0,37875.0,0.40126585960388184
51,0.0,5200.0,38594.0,42041.0,0.44661402702331543
52,0.0,5300.0,36940.0,40463.0,0.38246798515319824
53,0.0,5400.0,38028.0,41612.0,0.9061291217803955
54,0.0,5500.0,41039.0,44712.0,0.5262980461120605
55,0.0,5600.0,38649.0,42405.0,0.5569531917572021
56,0.0,5700.0,44891.0,48667.0,0.6818718910217285
57,0.0,5800.0,41660.0,45501.0,0.5513572692871094
58,0.0,5900.0,41908.0,45855.0,0.5339000225067139
59,0.0,6000.0,53389.0,57384.0,1.9707629680633545
60,0.0,6100.0,49845.0,53936.0,1.9954781532287598
61,0.0,6200.0,49296.0,53401.0,1.803802251815796
62,0.0,6300.0,58344.0,62532.0,1.8033490180969238
63,0.0,6400.0,42680.0,46972.0,1.9318411350250244
64,0.0,6500.0,45479.0,49808.0,3.330383777618408
65,0.0,6600.0,46513.0,50923.0,1.5901501178741455
66,0.0,6700.0,46128.0,50614.0,1.4437429904937744
67,0.0,6800.0,55554.0,60080.0,1.744718074798584
68,0.0,6900.0,51257.0,55860.0,1.526879072189331
69,0.0,7000.0,45744.0,50373.0,1.4963021278381348
70,0.0,7100.0,55698.0,60414.0,1.940561056137085
71,0.0,7200.0,56088.0,60883.0,1.5525329113006592
72,0.0,7300.0,51677.0,56557.0,1.5903019905090332
73,0.0,7400.0,50883.0,55857.0,1.4539332389831543
74,0.0,7500.0,52627.0,57599.0,1.5318808555603027
75,0.0,7600.0,52701.0,57783.0,1.8865740299224854
76,0.0,7700.0,57326.0,62444.0,1.7422840595245361
77,0.0,7800.0,59716.0,64886.0,1.740319013595581
78,0.0,7900.0,60702.0,65967.0,1.694169044494629
79,0.0,8000.0,58257.0,63571.0,1.5912530422210693
80,0.0,8100.0,57725.0,63147.0,1.6313869953155518
81,0.0,8200.0,66014.0,71522.0,1.8436808586120605
82,0.0,8300.0,62485.0,68049.0,1.7917790412902832
83,0.0,8400.0,56384.0,61992.0,1.6336109638214111
84,0.0,8500.0,65640.0,71303.0,1.8516590595245361
85,0.0,8600.0,60735.0,66498.0,1.5806288719177246
86,0.0,8700.0,64841.0,70622.0,1.6838889122009277
87,0.0,8800.0,69407.0,75240.0,1.781816005706787
88,0.0,8900.0,71848.0,77784.0,1.8303260803222656
89,0.0,9000.0,71464.0,77448.0,1.8943979740142822
90,0.0,9100.0,66729.0,72809.0,1.7434568405151367
91,0.0,9200.0,73241.0,79397.0,1.8487889766693115
92,0.0,9300.0,80458.0,86672.0,1.9937858581542969
93,0.0,9400.0,72248.0,78516.0,1.73557710647583
94,0.0,9500.0,76350.0,82713.0,1.8378932476043701
95,0.0,9600.0,71190.0,77552.0,1.733247995376587
96,0.0,9700.0,73373.0,79867.0,1.7816848754882812
97,0.0,9800.0,74609.0,81136.0,1.844602108001709
98,0.0,9900.0,69153.0,75805.0,1.7465128898620605
99,0.0,10000.0,77097.0,83792.0,1.8953220844268799
100,1.0,100.0,354.0,422.0,0.002324819564819336
101,1.0,200.0,784.0,923.0,0.0058629512786865234
102,1.0,300.0,1542.0,1738.0,0.04983115196228027
103,1.0,400.0,2278.0,2541.0,0.04879474639892578
104,1.0,500.0,2083.0,2414.0,0.05121803283691406
105,1.0,600.0,2932.0,3327.0,0.0861368179321289
106,1.0,700.0,3333.0,3800.0,0.09553289413452148
107,1.0,800.0,5213.0,5749.0,0.10606217384338379
108,1.0,900.0,4267.0,4872.0,0.09760379791259766
109,1.0,1000.0,5224.0,5891.0,0.1058812141418457
110,1.0,1100.0,5872.0,6591.0,0.18013906478881836
111,1.0,1200.0,6732.0,7531.0,0.15319609642028809
112,1.0,1300.0,7473.0,8348.0,0.16092705726623535
113,1.0,1400.0,8360.0,9297.0,0.29035329818725586
114,1.0,1500.0,9277.0,10279.0,0.20321989059448242
115,1.0,1600.0,7905.0,8969.0,0.1991288661956787
116,1.0,1700.0,9472.0,10589.0,0.2087690830230713
117,1.0,1800.0,9960.0,11163.0,0.24061298370361328
118,1.0,1900.0,11503.0,12776.0,0.25609397888183594
119,1.0,2000.0,14050.0,15392.0,0.3386082649230957
120,1.0,2100.0,13750.0,15131.0,0.34215497970581055
121,1.0,2200.0,12201.0,13659.0,0.29871106147766113
122,1.0,2300.0,15778.0,17303.0,0.39655017852783203
123,1.0,2400.0,16751.0,18351.0,0.35895872116088867
124,1.0,2500.0,13486.0,15158.0,0.333514928817749
125,1.0,2600.0,15411.0,17142.0,0.3139219284057617
126,1.0,2700.0,14855.0,16662.0,0.5007128715515137
127,1.0,2800.0,18008.0,19855.0,0.43654799461364746
128,1.0,2900.0,18808.0,20756.0,0.443706750869751
129,1.0,3000.0,18403.0,20402.0,0.4882950782775879
130,1.0,3100.0,21682.0,23752.0,0.6961801052093506
131,1.0,3200.0,18746.0,20864.0,0.6834259033203125
132,1.0,3300.0,22067.0,24269.0,0.6938681602478027
133,1.0,3400.0,25590.0,27869.0,1.6543638706207275
134,1.0,3500.0,22486.0,24834.0,0.6497790813446045
135,1.0,3600.0,22528.0,24892.0,0.7443921566009521
136,1.0,3700.0,23221.0,25667.0,0.7022299766540527
137,1.0,3800.0,25007.0,27539.0,0.7453961372375488
138,1.0,3900.0,23378.0,25970.0,0.5845160484313965
139,1.0,4000.0,25644.0,28318.0,0.6057968139648438
140,1.0,4100.0,28407.0,31114.0,0.6534152030944824
141,1.0,4200.0,29397.0,32215.0,0.8508868217468262
142,1.0,4300.0,33165.0,36032.0,0.7533280849456787
143,1.0,4400.0,33455.0,36397.0,1.1496739387512207
144,1.0,4500.0,30313.0,33335.0,0.7908120155334473
145,1.0,4600.0,37207.0,40280.0,0.9302060604095459
146,1.0,4700.0,34069.0,37181.0,0.7846441268920898
147,1.0,4800.0,33009.0,36234.0,0.7495479583740234
148,1.0,4900.0,34161.0,37407.0,0.7585878372192383
149,1.0,5000.0,32276.0,35624.0,0.7349298000335693
150,1.0,5100.0,35057.0,38486.0,0.976935863494873
151,1.0,5200.0,40080.0,43525.0,0.898597240447998
152,1.0,5300.0,40979.0,44502.0,0.907559871673584
153,1.0,5400.0,45907.0,49489.0,1.200087070465088
154,1.0,5500.0,37071.0,40710.0,0.8862650394439697
155,1.0,5600.0,33688.0,37422.0,0.7877929210662842
156,1.0,5700.0,38742.0,42528.0,0.9892950057983398
157,1.0,5800.0,41753.0,45595.0,0.9838080406188965
158,1.0,5900.0,49800.0,53734.0,1.2419829368591309
159,1.0,6000.0,43018.0,47026.0,1.0428168773651123
160,1.0,6100.0,48380.0,52456.0,1.0491597652435303
161,1.0,6200.0,40284.0,44391.0,0.899817943572998
162,1.0,6300.0,42270.0,46467.0,0.9503490924835205
163,1.0,6400.0,48952.0,53240.0,0.9998149871826172
164,1.0,6500.0,54120.0,58454.0,1.1474592685699463
165,1.0,6600.0,50001.0,54383.0,1.0987868309020996
166,1.0,6700.0,46653.0,51108.0,1.244826078414917
167,1.0,6800.0,52241.0,56782.0,1.3391728401184082
168,1.0,6900.0,49149.0,53765.0,1.0407240390777588
169,1.0,7000.0,46789.0,51448.0,1.0769600868225098
170,1.0,7100.0,52846.0,57602.0,1.2834770679473877
171,1.0,7200.0,59358.0,64131.0,1.2533659934997559
172,1.0,7300.0,56427.0,61313.0,1.1913132667541504
173,1.0,7400.0,55128.0,60060.0,1.2256040573120117
174,1.0,7500.0,55630.0,60650.0,1.2401800155639648
175,1.0,7600.0,64331.0,69365.0,1.4402430057525635
176,1.0,7700.0,53469.0,58617.0,1.1846282482147217
177,1.0,7800.0,61040.0,66252.0,1.2746317386627197
178,1.0,7900.0,57500.0,62748.0,1.185711145401001
179,1.0,8000.0,55537.0,60873.0,1.1719691753387451
180,1.0,8100.0,63456.0,68858.0,1.3006861209869385
181,1.0,8200.0,64427.0,69903.0,1.3281960487365723
182,1.0,8300.0,62261.0,67816.0,1.3732929229736328
183,1.0,8400.0,55671.0,61265.0,1.495823860168457
184,1.0,8500.0,73020.0,78651.0,2.3297019004821777
185,1.0,8600.0,66476.0,72232.0,1.7798080444335938
186,1.0,8700.0,65166.0,70981.0,2.5310890674591064
187,1.0,8800.0,63585.0,69459.0,2.1383910179138184
188,1.0,8900.0,71547.0,77451.0,2.2827510833740234
189,1.0,9000.0,71424.0,77464.0,1.7894480228424072
190,1.0,9100.0,68961.0,75024.0,1.7893171310424805
191,1.0,9200.0,74985.0,81089.0,1.7571959495544434
192,1.0,9300.0,62788.0,68995.0,1.4941668510437012
193,1.0,9400.0,65356.0,71645.0,2.7741827964782715
194,1.0,9500.0,71367.0,77697.0,0.8680310249328613
195,1.0,9600.0,65185.0,71606.0,0.6883089542388916
196,1.0,9700.0,77079.0,83536.0,0.904447078704834
197,1.0,9800.0,79937.0,86455.0,0.985569953918457
198,1.0,9900.0,81453.0,88065.0,0.9550449848175049
199,1.0,10000.0,72177.0,78850.0,0.982064962387085
200,2.0,100.0,359.0,426.0,0.0027818679809570312
201,2.0,200.0,851.0,985.0,0.0072021484375
202,2.0,300.0,1458.0,1654.0,0.018492937088012695
203,2.0,400.0,1937.0,2200.0,0.017053842544555664
204,2.0,500.0,2556.0,2891.0,0.024718046188354492
205,2.0,600.0,2987.0,3382.0,0.02550983428955078
206,2.0,700.0,4084.0,4551.0,0.04243302345275879
207,2.0,800.0,3560.0,4097.0,0.03772997856140137
208,2.0,900.0,5403.0,5989.0,0.050151824951171875
209,2.0,1000.0,6641.0,7312.0,0.06493115425109863
210,2.0,1100.0,6265.0,7003.0,0.06409287452697754
211,2.0,1200.0,6490.0,7298.0,0.07105684280395508
212,2.0,1300.0,6465.0,7343.0,0.06086921691894531
213,2.0,1400.0,8674.0,9604.0,0.07883882522583008
214,2.0,1500.0,8654.0,9643.0,0.08777499198913574
215,2.0,1600.0,9441.0,10503.0,0.10555481910705566
216,2.0,1700.0,10041.0,11185.0,0.10171079635620117
217,2.0,1800.0,9712.0,10918.0,0.1045680046081543
218,2.0,1900.0,12147.0,13400.0,0.1163930892944336
219,2.0,2000.0,11202.0,12556.0,0.10815620422363281
220,2.0,2100.0,12461.0,13875.0,0.12868809700012207
221,2.0,2200.0,13346.0,14795.0,0.1192779541015625
222,2.0,2300.0,14528.0,16061.0,0.14551496505737305
223,2.0,2400.0,13567.0,15153.0,0.13547420501708984
224,2.0,2500.0,13963.0,15636.0,0.1451420783996582
225,2.0,2600.0,15460.0,17197.0,0.15359210968017578
226,2.0,2700.0,17651.0,19447.0,0.21463894844055176
227,2.0,2800.0,19292.0,21155.0,0.22693991661071777
228,2.0,2900.0,16539.0,18483.0,0.1913619041442871
229,2.0,3000.0,25208.0,27215.0,0.321580171585083
230,2.0,3100.0,18916.0,20981.0,0.23765301704406738
231,2.0,3200.0,19968.0,22096.0,0.24457025527954102
232,2.0,3300.0,21028.0,23244.0,0.24598312377929688
233,2.0,3400.0,21456.0,23741.0,0.2591707706451416
234,2.0,3500.0,23462.0,25815.0,0.283480167388916
235,2.0,3600.0,22717.0,25116.0,0.2514791488647461
236,2.0,3700.0,23615.0,26076.0,0.27135705947875977
237,2.0,3800.0,26340.0,28887.0,0.6125860214233398
238,2.0,3900.0,26261.0,28841.0,0.441403865814209
239,2.0,4000.0,28701.0,31369.0,0.42923808097839355
240,2.0,4100.0,28255.0,30985.0,0.344771146774292
241,2.0,4200.0,28018.0,30820.0,0.3687260150909424
242,2.0,4300.0,27705.0,30559.0,0.339465856552124
243,2.0,4400.0,29123.0,32080.0,0.2990078926086426
244,2.0,4500.0,32244.0,35230.0,0.3101952075958252
245,2.0,4600.0,31873.0,34956.0,0.3316662311553955
246,2.0,4700.0,36852.0,39996.0,0.45014286041259766
247,2.0,4800.0,34216.0,37426.0,0.33653807640075684
248,2.0,4900.0,35217.0,38476.0,0.4376339912414551
249,2.0,5000.0,37028.0,40389.0,0.4607970714569092
250,2.0,5100.0,38765.0,42172.0,0.4407329559326172
251,2.0,5200.0,35254.0,38692.0,0.4246809482574463
252,2.0,5300.0,41933.0,45466.0,0.49650096893310547
253,2.0,5400.0,41507.0,45100.0,0.5226399898529053
254,2.0,5500.0,35018.0,38682.0,0.47546911239624023
255,2.0,5600.0,36634.0,40360.0,0.41320180892944336
256,2.0,5700.0,48606.0,52386.0,0.47549915313720703
257,2.0,5800.0,42056.0,45944.0,0.43535804748535156
258,2.0,5900.0,54636.0,58570.0,0.5945930480957031
259,2.0,6000.0,46341.0,50335.0,0.5919649600982666
260,2.0,6100.0,36904.0,40981.0,0.4432258605957031
261,2.0,6200.0,43477.0,47615.0,0.5454857349395752
262,2.0,6300.0,52555.0,56774.0,0.5535171031951904
263,2.0,6400.0,47531.0,51784.0,0.49706172943115234
264,2.0,6500.0,54153.0,58529.0,0.5589148998260498
265,2.0,6600.0,43407.0,47828.0,0.4169580936431885
266,2.0,6700.0,58933.0,63384.0,0.5566730499267578
267,2.0,6800.0,45038.0,49534.0,0.47106409072875977
268,2.0,6900.0,59734.0,64332.0,0.6034669876098633
269,2.0,7000.0,48554.0,53212.0,0.5452921390533447
270,2.0,7100.0,54580.0,59285.0,0.8410060405731201
271,2.0,7200.0,57489.0,62293.0,0.7452490329742432
272,2.0,7300.0,48431.0,53310.0,0.5455210208892822
273,2.0,7400.0,61292.0,66239.0,0.639733076095581
274,2.0,7500.0,59999.0,64993.0,0.916085958480835
275,2.0,7600.0,57198.0,62245.0,0.9356880187988281
276,2.0,7700.0,59115.0,64277.0,0.7039129734039307
277,2.0,7800.0,63152.0,68310.0,0.7354428768157959
278,2.0,7900.0,60702.0,65979.0,0.6820220947265625
279,2.0,8000.0,63578.0,68890.0,0.745089054107666
280,2.0,8100.0,56542.0,61969.0,0.6849889755249023
281,2.0,8200.0,58588.0,64029.0,0.602165937423706
282,2.0,8300.0,63250.0,68790.0,0.6256787776947021
283,2.0,8400.0,59635.0,65238.0,0.5773298740386963
284,2.0,8500.0,71478.0,77130.0,0.808480978012085
285,2.0,8600.0,72064.0,77796.0,1.2416110038757324
286,2.0,8700.0,59333.0,65120.0,0.9041228294372559
287,2.0,8800.0,68806.0,74667.0,0.8120608329772949
288,2.0,8900.0,67027.0,72949.0,0.6568481922149658
289,2.0,9000.0,69841.0,75841.0,0.7381381988525391
290,2.0,9100.0,73104.0,79184.0,0.7865190505981445
291,2.0,9200.0,69795.0,75925.0,0.8870611190795898
292,2.0,9300.0,68413.0,74611.0,0.840465784072876
293,2.0,9400.0,72682.0,78944.0,0.8460237979888916
294,2.0,9500.0,77791.0,84101.0,0.9316418170928955
295,2.0,9600.0,81356.0,87753.0,0.7823901176452637
296,2.0,9700.0,70893.0,77362.0,0.6658139228820801
297,2.0,9800.0,82692.0,89240.0,0.757174015045166
298,2.0,9900.0,86797.0,93373.0,0.8975088596343994
299,2.0,10000.0,78251.0,84913.0,0.7251360416412354
300,3.0,100.0,308.0,375.0,0.0033729076385498047
301,3.0,200.0,719.0,857.0,0.00575709342956543
302,3.0,300.0,1226.0,1426.0,0.009635210037231445
303,3.0,400.0,1778.0,2047.0,0.016820192337036133
304,3.0,500.0,2507.0,2842.0,0.025365114212036133
305,3.0,600.0,2550.0,2950.0,0.0222930908203125
306,3.0,700.0,3613.0,4085.0,0.03319191932678223
307,3.0,800.0,4577.0,5111.0,0.04987287521362305
308,3.0,900.0,4189.0,4794.0,0.045890092849731445
309,3.0,1000.0,5110.0,5777.0,0.04872584342956543
310,3.0,1100.0,7800.0,8543.0,0.08315491676330566
311,3.0,1200.0,6422.0,7216.0,0.06875109672546387
312,3.0,1300.0,7119.0,7984.0,0.0757439136505127
313,3.0,1400.0,6847.0,7767.0,0.06366395950317383
314,3.0,1500.0,10189.0,11186.0,0.10210585594177246
315,3.0,1600.0,9254.0,10323.0,0.09651994705200195
316,3.0,1700.0,10198.0,11330.0,0.11687970161437988
317,3.0,1800.0,9982.0,11175.0,0.10628199577331543
318,3.0,1900.0,10653.0,11912.0,0.1086890697479248
319,3.0,2000.0,13972.0,15320.0,0.1385819911956787
320,3.0,2100.0,13982.0,15393.0,0.14612197875976562
321,3.0,2200.0,14671.0,16140.0,0.14130902290344238
322,3.0,2300.0,13196.0,14713.0,0.13582897186279297
323,3.0,2400.0,14607.0,16218.0,0.15046000480651855
324,3.0,2500.0,16280.0,17937.0,0.18596625328063965
325,3.0,2600.0,14458.0,16191.0,0.15446996688842773
326,3.0,2700.0,18269.0,20049.0,0.16451573371887207
327,3.0,2800.0,17398.0,19262.0,0.17197203636169434
328,3.0,2900.0,18284.0,20210.0,0.1705780029296875
329,3.0,3000.0,18943.0,20921.0,0.19731497764587402
330,3.0,3100.0,22163.0,24238.0,0.2185518741607666
331,3.0,3200.0,21004.0,23147.0,0.19584298133850098
332,3.0,3300.0,19517.0,21722.0,0.20452094078063965
333,3.0,3400.0,23111.0,25380.0,0.23865795135498047
334,3.0,3500.0,22844.0,25190.0,0.22187113761901855
335,3.0,3600.0,24712.0,27091.0,0.23125290870666504
336,3.0,3700.0,23286.0,25749.0,0.22084403038024902
337,3.0,3800.0,26939.0,29482.0,0.2676692008972168
338,3.0,3900.0,24961.0,27567.0,0.23502206802368164
339,3.0,4000.0,26101.0,28762.0,0.22842693328857422
340,3.0,4100.0,25468.0,28221.0,0.25704121589660645
341,3.0,4200.0,25534.0,28328.0,0.2559480667114258
342,3.0,4300.0,28529.0,31388.0,0.2688939571380615
343,3.0,4400.0,32648.0,35579.0,0.29746103286743164
344,3.0,4500.0,27005.0,30013.0,0.25800514221191406
345,3.0,4600.0,27771.0,30874.0,0.25067806243896484
346,3.0,4700.0,31111.0,34230.0,0.30893588066101074
347,3.0,4800.0,32173.0,35383.0,0.29886698722839355
348,3.0,4900.0,36309.0,39580.0,0.34906601905822754
349,3.0,5000.0,34078.0,37384.0,0.292064905166626
350,3.0,5100.0,36608.0,40017.0,0.33335304260253906
351,3.0,5200.0,39011.0,42490.0,0.35268235206604004
352,3.0,5300.0,38079.0,41615.0,0.35684680938720703
353,3.0,5400.0,34935.0,38548.0,0.35747504234313965
354,3.0,5500.0,41732.0,45418.0,0.3947029113769531
355,3.0,5600.0,41344.0,45105.0,0.37285494804382324
356,3.0,5700.0,43463.0,47283.0,0.3940889835357666
357,3.0,5800.0,46304.0,50158.0,0.4369490146636963
358,3.0,5900.0,43075.0,47010.0,0.4406931400299072
359,3.0,6000.0,43886.0,47897.0,0.40767908096313477
360,3.0,6100.0,41796.0,45867.0,0.41914796829223633
361,3.0,6200.0,44335.0,48491.0,0.4032437801361084
362,3.0,6300.0,47847.0,52042.0,0.43672609329223633
363,3.0,6400.0,50495.0,54740.0,0.4727969169616699
364,3.0,6500.0,42619.0,46944.0,0.4161257743835449
365,3.0,6600.0,50222.0,54636.0,0.4511749744415283
366,3.0,6700.0,45798.0,50273.0,0.45108795166015625
367,3.0,6800.0,51126.0,55662.0,0.47723817825317383
368,3.0,6900.0,49784.0,54406.0,0.45111918449401855
369,3.0,7000.0,60480.0,65133.0,0.6501150131225586
370,3.0,7100.0,52918.0,57612.0,0.5230851173400879
371,3.0,7200.0,53715.0,58495.0,0.5158493518829346
372,3.0,7300.0,54708.0,59569.0,0.4915766716003418
373,3.0,7400.0,51531.0,56445.0,0.48776698112487793
374,3.0,7500.0,49027.0,54035.0,0.5301270484924316
375,3.0,7600.0,63056.0,68119.0,0.580049991607666
376,3.0,7700.0,61999.0,67136.0,0.5587561130523682
377,3.0,7800.0,58763.0,63957.0,0.5222511291503906
378,3.0,7900.0,63063.0,68345.0,0.5734097957611084
379,3.0,8000.0,61766.0,67126.0,0.57651686668396
380,3.0,8100.0,57409.0,62789.0,0.5532569885253906
381,3.0,8200.0,63155.0,68613.0,0.5605220794677734
382,3.0,8300.0,62997.0,68551.0,0.6001489162445068
383,3.0,8400.0,63338.0,68911.0,0.6088380813598633
384,3.0,8500.0,67416.0,73092.0,0.6645760536193848
385,3.0,8600.0,75750.0,81497.0,0.7014868259429932
386,3.0,8700.0,67128.0,72944.0,0.641181230545044
387,3.0,8800.0,72868.0,78731.0,0.6581311225891113
388,3.0,8900.0,75069.0,81012.0,0.6772181987762451
389,3.0,9000.0,63125.0,69105.0,0.5836658477783203
390,3.0,9100.0,80704.0,86771.0,0.7157409191131592
391,3.0,9200.0,70676.0,76829.0,0.6540889739990234
392,3.0,9300.0,71257.0,77415.0,0.6909739971160889
393,3.0,9400.0,85539.0,91783.0,0.8397319316864014
394,3.0,9500.0,77160.0,83537.0,0.690579891204834
395,3.0,9600.0,74240.0,80634.0,0.6740260124206543
396,3.0,9700.0,74374.0,80855.0,0.6907408237457275
397,3.0,9800.0,69292.0,75806.0,0.6379458904266357
398,3.0,9900.0,74583.0,81190.0,0.6700739860534668
399,3.0,10000.0,69512.0,76241.0,0.6473948955535889
400,4.0,100.0,310.0,377.0,0.003220796585083008
401,4.0,200.0,911.0,1043.0,0.007770061492919922
402,4.0,300.0,1104.0,1307.0,0.008243799209594727
403,4.0,400.0,1858.0,2127.0,0.01721811294555664
404,4.0,500.0,2325.0,2651.0,0.023458003997802734
405,4.0,600.0,2984.0,3384.0,0.02570796012878418
406,4.0,700.0,3473.0,3943.0,0.03136730194091797
407,4.0,800.0,4040.0,4571.0,0.037732839584350586
408,4.0,900.0,4865.0,5462.0,0.047598838806152344
409,4.0,1000.0,5133.0,5792.0,0.04630923271179199
410,4.0,1100.0,6149.0,6893.0,0.05766701698303223
411,4.0,1200.0,7347.0,8148.0,0.0696418285369873
412,4.0,1300.0,6550.0,7427.0,0.0772101879119873
413,4.0,1400.0,8322.0,9246.0,0.08257198333740234
414,4.0,1500.0,8847.0,9853.0,0.08422112464904785
415,4.0,1600.0,12367.0,13423.0,0.10622119903564453
416,4.0,1700.0,12583.0,13713.0,0.11634111404418945
417,4.0,1800.0,10324.0,11535.0,0.09402680397033691
418,4.0,1900.0,11515.0,12783.0,0.10720491409301758
419,4.0,2000.0,11989.0,13316.0,0.10744905471801758
420,4.0,2100.0,14740.0,16140.0,0.12948298454284668
421,4.0,2200.0,15179.0,16648.0,0.1550142765045166
422,4.0,2300.0,14486.0,16027.0,0.13541603088378906
423,4.0,2400.0,15189.0,16801.0,0.14336681365966797
424,4.0,2500.0,16198.0,17887.0,0.15158796310424805
425,4.0,2600.0,16488.0,18225.0,0.1514909267425537
426,4.0,2700.0,17944.0,19733.0,0.18072104454040527
427,4.0,2800.0,18788.0,20669.0,0.1764230728149414
428,4.0,2900.0,18457.0,20394.0,0.17703914642333984
429,4.0,3000.0,19233.0,21218.0,0.249406099319458
430,4.0,3100.0,21328.0,23374.0,0.25833797454833984
431,4.0,3200.0,21814.0,23972.0,0.2579081058502197
432,4.0,3300.0,22803.0,24998.0,0.2707810401916504
433,4.0,3400.0,20566.0,22816.0,0.24195408821105957
434,4.0,3500.0,24328.0,26667.0,0.3126378059387207
435,4.0,3600.0,22216.0,24603.0,0.2655961513519287
436,4.0,3700.0,23247.0,25733.0,0.28624892234802246
437,4.0,3800.0,29027.0,31563.0,0.31465911865234375
438,4.0,3900.0,26684.0,29278.0,0.2648191452026367
439,4.0,4000.0,25421.0,28072.0,0.2857232093811035
440,4.0,4100.0,29373.0,32106.0,0.27792787551879883
441,4.0,4200.0,28673.0,31471.0,0.260051965713501
442,4.0,4300.0,39115.0,41985.0,0.37413597106933594
443,4.0,4400.0,27733.0,30626.0,0.28879690170288086
444,4.0,4500.0,35180.0,38182.0,0.33277010917663574
445,4.0,4600.0,32469.0,35522.0,0.35462093353271484
446,4.0,4700.0,31807.0,34925.0,0.3401482105255127
447,4.0,4800.0,33044.0,36244.0,0.35710692405700684
448,4.0,4900.0,34350.0,37615.0,0.3508939743041992
449,4.0,5000.0,35782.0,39118.0,0.42009782791137695
450,4.0,5100.0,33231.0,36639.0,0.3957791328430176
451,4.0,5200.0,41140.0,44627.0,0.40411806106567383
452,4.0,5300.0,33930.0,37452.0,0.3448159694671631
453,4.0,5400.0,37891.0,41469.0,0.3784308433532715
454,4.0,5500.0,33292.0,36951.0,0.3946690559387207
455,4.0,5600.0,42677.0,46427.0,0.6563150882720947
456,4.0,5700.0,45429.0,49241.0,0.5788650512695312
457,4.0,5800.0,46588.0,50453.0,0.5385029315948486
458,4.0,5900.0,47682.0,51642.0,0.5553078651428223
459,4.0,6000.0,46815.0,50827.0,0.5616180896759033
460,4.0,6100.0,54445.0,58528.0,0.6321978569030762
461,4.0,6200.0,47479.0,51629.0,0.5267977714538574
462,4.0,6300.0,51237.0,55428.0,0.5764281749725342
463,4.0,6400.0,44833.0,49105.0,0.4939541816711426
464,4.0,6500.0,49451.0,53794.0,0.5257189273834229
465,4.0,6600.0,55771.0,60169.0,0.5865311622619629
466,4.0,6700.0,49247.0,53703.0,0.6405789852142334
467,4.0,6800.0,54675.0,59214.0,0.5406241416931152
468,4.0,6900.0,45819.0,50430.0,0.446943998336792
469,4.0,7000.0,55426.0,60095.0,0.5486881732940674
470,4.0,7100.0,63460.0,68175.0,0.6713662147521973
471,4.0,7200.0,51872.0,56696.0,0.5293209552764893
472,4.0,7300.0,61071.0,65921.0,0.5910489559173584
473,4.0,7400.0,59112.0,64078.0,0.800386905670166
474,4.0,7500.0,63094.0,68113.0,0.7204799652099609
475,4.0,7600.0,53911.0,58983.0,0.620229959487915
476,4.0,7700.0,52575.0,57728.0,0.5627789497375488
477,4.0,7800.0,52845.0,58024.0,0.5214741230010986
478,4.0,7900.0,62193.0,67482.0,0.6269631385803223
479,4.0,8000.0,59564.0,64904.0,0.5996890068054199
480,4.0,8100.0,53989.0,59424.0,1.27945876121521
481,4.0,8200.0,57860.0,63313.0,0.8087120056152344
482,4.0,8300.0,66143.0,71668.0,0.775536298751831
483,4.0,8400.0,62629.0,68239.0,0.7509303092956543
484,4.0,8500.0,64460.0,70128.0,1.0340309143066406
485,4.0,8600.0,59785.0,65531.0,0.6579880714416504
486,4.0,8700.0,61845.0,67639.0,0.699589729309082
487,4.0,8800.0,72226.0,78075.0,0.7321069240570068
488,4.0,8900.0,62805.0,68726.0,0.6746418476104736
489,4.0,9000.0,64295.0,70251.0,0.6392676830291748
490,4.0,9100.0,73987.0,80033.0,0.741539716720581
491,4.0,9200.0,74333.0,80523.0,0.9070711135864258
492,4.0,9300.0,70608.0,76840.0,0.7628769874572754
493,4.0,9400.0,79126.0,85438.0,0.8064510822296143
494,4.0,9500.0,68879.0,75179.0,0.6891770362854004
495,4.0,9600.0,67896.0,74317.0,0.7655830383300781
496,4.0,9700.0,73979.0,80444.0,0.7419157028198242
497,4.0,9800.0,79710.0,86212.0,1.0748789310455322
498,4.0,9900.0,71263.0,77884.0,0.7385280132293701
499,4.0,10000.0,81890.0,88583.0,0.8488080501556396
500,5.0,100.0,314.0,378.0,0.0039331912994384766
501,5.0,200.0,709.0,843.0,0.007506847381591797
502,5.0,300.0,1324.0,1528.0,0.01214289665222168
503,5.0,400.0,1641.0,1913.0,0.020018815994262695
504,5.0,500.0,1896.0,2230.0,0.019999027252197266
505,5.0,600.0,2594.0,2995.0,0.02961587905883789
506,5.0,700.0,3335.0,3802.0,0.0326840877532959
507,5.0,800.0,4086.0,4628.0,0.05252504348754883
508,5.0,900.0,5144.0,5743.0,0.06364011764526367
509,5.0,1000.0,5243.0,5908.0,0.10683774948120117
510,5.0,1100.0,6430.0,7153.0,0.07125592231750488
511,5.0,1200.0,6223.0,7024.0,0.06770706176757812
512,5.0,1300.0,7945.0,8808.0,0.0946500301361084
513,5.0,1400.0,7456.0,8377.0,0.09305596351623535
514,5.0,1500.0,10340.0,11335.0,0.11336398124694824
515,5.0,1600.0,9111.0,10182.0,0.10562300682067871
516,5.0,1700.0,11114.0,12242.0,0.12505698204040527
517,5.0,1800.0,12124.0,13345.0,0.1410229206085205
518,5.0,1900.0,11283.0,12547.0,0.12533903121948242
519,5.0,2000.0,13016.0,14356.0,0.14594507217407227
520,5.0,2100.0,12300.0,13719.0,0.14698314666748047
521,5.0,2200.0,13886.0,15356.0,0.1550278663635254
522,5.0,2300.0,14158.0,15681.0,0.17375683784484863
523,5.0,2400.0,15402.0,16998.0,0.2297840118408203
524,5.0,2500.0,18285.0,19954.0,0.22069096565246582
525,5.0,2600.0,15187.0,16922.0,0.18685483932495117
526,5.0,2700.0,16679.0,18476.0,0.20154714584350586
527,5.0,2800.0,17599.0,19481.0,0.2040400505065918
528,5.0,2900.0,22762.0,24693.0,0.2769889831542969
529,5.0,3000.0,23716.0,25744.0,0.23890900611877441
530,5.0,3100.0,21205.0,23272.0,0.22451496124267578
531,5.0,3200.0,20919.0,23037.0,0.20083403587341309
532,5.0,3300.0,22984.0,25187.0,0.22816205024719238
533,5.0,3400.0,21553.0,23821.0,0.2291576862335205
534,5.0,3500.0,22225.0,24565.0,0.21998810768127441
535,5.0,3600.0,26984.0,29372.0,0.25731897354125977
536,5.0,3700.0,26341.0,28805.0,0.2616457939147949
537,5.0,3800.0,24511.0,27031.0,0.24781012535095215
538,5.0,3900.0,26948.0,29559.0,0.25478672981262207
539,5.0,4000.0,25461.0,28135.0,0.24944782257080078
540,5.0,4100.0,25445.0,28191.0,0.3120701313018799
541,5.0,4200.0,27452.0,30270.0,0.2955000400543213
542,5.0,4300.0,33860.0,36714.0,0.3922610282897949
543,5.0,4400.0,29966.0,32886.0,0.2918422222137451
544,5.0,4500.0,28651.0,31650.0,0.2796471118927002
545,5.0,4600.0,35976.0,39043.0,0.3357839584350586
546,5.0,4700.0,35955.0,39073.0,0.3346219062805176
547,5.0,4800.0,34431.0,37626.0,0.3265829086303711
548,5.0,4900.0,36617.0,39889.0,0.36867189407348633
549,5.0,5000.0,41441.0,44777.0,0.43268799781799316
550,5.0,5100.0,36714.0,40126.0,0.34062790870666504
551,5.0,5200.0,39360.0,42837.0,0.42897605895996094
552,5.0,5300.0,34302.0,37840.0,0.4223759174346924
553,5.0,5400.0,40683.0,44294.0,0.4064180850982666
554,5.0,5500.0,41451.0,45111.0,0.4214620590209961
555,5.0,5600.0,44793.0,48532.0,0.4632439613342285
556,5.0,5700.0,45129.0,48905.0,0.46215295791625977
557,5.0,5800.0,44257.0,48113.0,0.4873487949371338
558,5.0,5900.0,44424.0,48388.0,0.413891077041626
559,5.0,6000.0,43130.0,47116.0,0.44237375259399414
560,5.0,6100.0,44086.0,48131.0,0.42278504371643066
561,5.0,6200.0,41514.0,45675.0,0.4269230365753174
562,5.0,6300.0,46572.0,50759.0,0.4701402187347412
563,5.0,6400.0,40110.0,44346.0,0.40215086936950684
564,5.0,6500.0,48129.0,52453.0,0.4560377597808838
565,5.0,6600.0,44395.0,48773.0,0.43134021759033203
566,5.0,6700.0,44014.0,48472.0,0.38622617721557617
567,5.0,6800.0,47834.0,52363.0,0.46010804176330566
568,5.0,6900.0,46217.0,50830.0,0.44661617279052734
569,5.0,7000.0,53213.0,57865.0,0.5572061538696289
570,5.0,7100.0,49695.0,54413.0,0.501655101776123
571,5.0,7200.0,52919.0,57717.0,0.5269291400909424
572,5.0,7300.0,52263.0,57100.0,0.5251939296722412
573,5.0,7400.0,56384.0,61335.0,0.5594468116760254
574,5.0,7500.0,51897.0,56892.0,0.5175859928131104
575,5.0,7600.0,51786.0,56844.0,0.6021947860717773
576,5.0,7700.0,58303.0,63414.0,0.5824341773986816
577,5.0,7800.0,56984.0,62168.0,0.5523190498352051
578,5.0,7900.0,75479.0,80751.0,0.7156312465667725
579,5.0,8000.0,63299.0,68646.0,0.6299450397491455
580,5.0,8100.0,60975.0,66374.0,0.583975076675415
581,5.0,8200.0,64201.0,69678.0,0.6915779113769531
582,5.0,8300.0,66997.0,72539.0,0.6150901317596436
583,5.0,8400.0,65391.0,70974.0,0.6615397930145264
584,5.0,8500.0,75754.0,81430.0,0.7468240261077881
585,5.0,8600.0,63723.0,69433.0,0.6081259250640869
586,5.0,8700.0,61352.0,67158.0,0.610713005065918
587,5.0,8800.0,64542.0,70423.0,0.587087869644165
588,5.0,8900.0,69434.0,75368.0,0.7083930969238281
589,5.0,9000.0,61962.0,67953.0,0.601078987121582
590,5.0,9100.0,66373.0,72443.0,0.6587450504302979
591,5.0,9200.0,68946.0,75043.0,0.6612050533294678
592,5.0,9300.0,66650.0,72833.0,0.6308679580688477
593,5.0,9400.0,69538.0,75782.0,0.6938800811767578
594,5.0,9500.0,74864.0,81203.0,0.7151322364807129
595,5.0,9600.0,78766.0,85151.0,0.7446410655975342
596,5.0,9700.0,73994.0,80455.0,0.7062060832977295
597,5.0,9800.0,72985.0,79528.0,0.7093451023101807
598,5.0,9900.0,82501.0,89115.0,0.7809810638427734
599,5.0,10000.0,78756.0,85452.0,0.7728378772735596
600,6.0,100.0,292.0,357.0,0.0031859874725341797
601,6.0,200.0,881.0,1013.0,0.009808778762817383
602,6.0,300.0,1298.0,1491.0,0.011493206024169922
603,6.0,400.0,2194.0,2470.0,0.02057814598083496
604,6.0,500.0,2619.0,2954.0,0.03272294998168945
605,6.0,600.0,2791.0,3191.0,0.02643108367919922
606,6.0,700.0,3239.0,3712.0,0.0294647216796875
607,6.0,800.0,3892.0,4437.0,0.03463006019592285
608,6.0,900.0,5749.0,6348.0,0.052867889404296875
609,6.0,1000.0,4996.0,5675.0,0.051759958267211914
610,6.0,1100.0,5655.0,6386.0,0.05336785316467285
611,6.0,1200.0,7252.0,8043.0,0.06684207916259766
612,6.0,1300.0,7769.0,8632.0,0.07282805442810059
613,6.0,1400.0,7394.0,8329.0,0.06871604919433594
614,6.0,1500.0,8878.0,9877.0,0.08618974685668945
615,6.0,1600.0,9959.0,11040.0,0.0998849868774414
616,6.0,1700.0,9791.0,10918.0,0.09791803359985352
617,6.0,1800.0,11335.0,12529.0,0.10944223403930664
618,6.0,1900.0,10281.0,11551.0,0.09903311729431152
619,6.0,2000.0,12482.0,13809.0,0.1284470558166504
620,6.0,2100.0,12916.0,14327.0,0.11905837059020996
621,6.0,2200.0,14380.0,15856.0,0.14173221588134766
622,6.0,2300.0,14451.0,15993.0,0.13676118850708008
623,6.0,2400.0,14801.0,16399.0,0.17967915534973145
624,6.0,2500.0,16266.0,17920.0,0.1692521572113037
625,6.0,2600.0,17996.0,19723.0,0.19061613082885742
626,6.0,2700.0,19754.0,21559.0,0.1992511749267578
627,6.0,2800.0,18467.0,20341.0,0.1746821403503418
628,6.0,2900.0,18597.0,20534.0,0.17184805870056152
629,6.0,3000.0,19601.0,21611.0,0.21146392822265625
630,6.0,3100.0,21609.0,23673.0,0.21180486679077148
631,6.0,3200.0,22474.0,24587.0,0.21834707260131836
632,6.0,3300.0,20542.0,22709.0,0.2029860019683838
633,6.0,3400.0,21139.0,23390.0,0.21285319328308105
634,6.0,3500.0,26636.0,28964.0,0.27335596084594727
635,6.0,3600.0,24821.0,27241.0,0.26152801513671875
636,6.0,3700.0,28961.0,31426.0,0.2933170795440674
637,6.0,3800.0,26038.0,28566.0,0.2725250720977783
638,6.0,3900.0,24749.0,27363.0,0.24437975883483887
639,6.0,4000.0,28377.0,31055.0,0.3030247688293457
640,6.0,4100.0,26634.0,29380.0,0.2947518825531006
641,6.0,4200.0,30130.0,32923.0,0.2993648052215576
642,6.0,4300.0,31297.0,34172.0,0.3193802833557129
643,6.0,4400.0,40889.0,43843.0,0.4081759452819824
644,6.0,4500.0,30243.0,33259.0,0.30320191383361816
645,6.0,4600.0,32089.0,35143.0,0.3218810558319092
646,6.0,4700.0,33951.0,37083.0,0.3553159236907959
647,6.0,4800.0,31560.0,34748.0,0.32498931884765625
648,6.0,4900.0,35072.0,38354.0,0.3733179569244385
649,6.0,5000.0,36316.0,39664.0,0.37940216064453125
650,6.0,5100.0,37534.0,40895.0,0.3865337371826172
651,6.0,5200.0,37403.0,40864.0,0.38242530822753906
652,6.0,5300.0,36581.0,40129.0,0.3734111785888672
653,6.0,5400.0,34639.0,38245.0,0.37365293502807617
654,6.0,5500.0,36753.0,40441.0,0.41001081466674805
655,6.0,5600.0,38605.0,42326.0,0.39287590980529785
656,6.0,5700.0,39179.0,42991.0,0.41832804679870605
657,6.0,5800.0,43801.0,47668.0,0.4409782886505127
658,6.0,5900.0,37518.0,41470.0,0.39397096633911133
659,6.0,6000.0,42137.0,46122.0,0.42216014862060547
660,6.0,6100.0,41953.0,46034.0,0.4359159469604492
661,6.0,6200.0,42678.0,46812.0,0.4342939853668213
662,6.0,6300.0,46816.0,51031.0,0.4891951084136963
663,6.0,6400.0,45172.0,49454.0,0.45003700256347656
664,6.0,6500.0,49234.0,53572.0,0.5334389209747314
665,6.0,6600.0,48071.0,52479.0,0.4739711284637451
666,6.0,6700.0,53992.0,58458.0,0.5262651443481445
667,6.0,6800.0,49132.0,53679.0,0.4908878803253174
668,6.0,6900.0,60910.0,65481.0,0.6019198894500732
669,6.0,7000.0,53882.0,58536.0,0.5403220653533936
670,6.0,7100.0,50574.0,55328.0,0.5342850685119629
671,6.0,7200.0,48819.0,53625.0,0.5054728984832764
672,6.0,7300.0,58207.0,63102.0,0.6959860324859619
673,6.0,7400.0,51260.0,56208.0,0.5279829502105713
674,6.0,7500.0,54127.0,59093.0,0.5314807891845703
675,6.0,7600.0,50641.0,55702.0,0.5147278308868408
676,6.0,7700.0,54738.0,59848.0,0.5505731105804443
677,6.0,7800.0,68446.0,73645.0,0.6523048877716064
678,6.0,7900.0,60511.0,65781.0,0.6151580810546875
679,6.0,8000.0,56284.0,61639.0,0.6333649158477783
680,6.0,8100.0,63003.0,68422.0,0.6519041061401367
681,6.0,8200.0,56527.0,62000.0,0.6023688316345215
682,6.0,8300.0,65923.0,71457.0,0.6286029815673828
683,6.0,8400.0,59201.0,64796.0,0.5979950428009033
684,6.0,8500.0,71107.0,76771.0,0.7103681564331055
685,6.0,8600.0,66894.0,72634.0,0.6508989334106445
686,6.0,8700.0,63876.0,69676.0,0.6353459358215332
687,6.0,8800.0,58497.0,64374.0,0.6525139808654785
688,6.0,8900.0,65868.0,71777.0,0.729273796081543
689,6.0,9000.0,74603.0,80591.0,0.7680630683898926
690,6.0,9100.0,66305.0,72411.0,0.7682020664215088
691,6.0,9200.0,67918.0,74048.0,0.7102878093719482
692,6.0,9300.0,79646.0,85856.0,0.7940008640289307
693,6.0,9400.0,83728.0,89993.0,0.8398928642272949
694,6.0,9500.0,68475.0,74808.0,0.7131969928741455
695,6.0,9600.0,82584.0,88992.0,0.803192138671875
696,6.0,9700.0,76327.0,82814.0,0.7374789714813232
697,6.0,9800.0,72776.0,79308.0,0.7042489051818848
698,6.0,9900.0,79584.0,86189.0,0.7714850902557373
699,6.0,10000.0,73384.0,80019.0,0.7248060703277588
700,7.0,100.0,316.0,386.0,0.002917766571044922
701,7.0,200.0,795.0,929.0,0.0075130462646484375
702,7.0,300.0,1385.0,1583.0,0.014542102813720703
703,7.0,400.0,2230.0,2496.0,0.02171492576599121
704,7.0,500.0,2297.0,2634.0,0.0365447998046875
705,7.0,600.0,2269.0,2658.0,0.053811073303222656
706,7.0,700.0,3844.0,4313.0,0.05000495910644531
707,7.0,800.0,3655.0,4200.0,0.0402979850769043
708,7.0,900.0,4386.0,4987.0,0.04761815071105957
709,7.0,1000.0,6897.0,7573.0,0.06885480880737305
710,7.0,1100.0,6758.0,7484.0,0.06853508949279785
711,7.0,1200.0,7303.0,8109.0,0.06951308250427246
712,7.0,1300.0,7676.0,8547.0,0.07749199867248535
713,7.0,1400.0,7630.0,8553.0,0.07298684120178223
714,7.0,1500.0,8016.0,9020.0,0.0790247917175293
715,7.0,1600.0,10877.0,11945.0,0.10619997978210449
716,7.0,1700.0,9826.0,10967.0,0.09677386283874512
717,7.0,1800.0,11196.0,12395.0,0.1190178394317627
718,7.0,1900.0,12479.0,13756.0,0.11787700653076172
719,7.0,2000.0,11267.0,12583.0,0.11319184303283691
720,7.0,2100.0,13356.0,14756.0,0.13451504707336426
721,7.0,2200.0,14023.0,15486.0,0.1607978343963623
722,7.0,2300.0,13248.0,14779.0,0.1331639289855957
723,7.0,2400.0,15420.0,17018.0,0.154526948928833
724,7.0,2500.0,14355.0,16032.0,0.13990092277526855
725,7.0,2600.0,17318.0,19052.0,0.17048978805541992
726,7.0,2700.0,15538.0,17325.0,0.16383004188537598
727,7.0,2800.0,18495.0,20364.0,0.1842179298400879
728,7.0,2900.0,19102.0,21039.0,0.18988800048828125
729,7.0,3000.0,16862.0,18848.0,0.17781996726989746
730,7.0,3100.0,23016.0,25077.0,0.22732305526733398
731,7.0,3200.0,19094.0,21225.0,0.20357298851013184
732,7.0,3300.0,20050.0,22255.0,0.19395112991333008
733,7.0,3400.0,19001.0,21283.0,0.1875309944152832
734,7.0,3500.0,21060.0,23405.0,0.21946310997009277
735,7.0,3600.0,28149.0,30559.0,0.27454376220703125
736,7.0,3700.0,23082.0,25534.0,0.2338879108428955
737,7.0,3800.0,23115.0,25647.0,0.23089313507080078
738,7.0,3900.0,27226.0,29816.0,0.2697467803955078
739,7.0,4000.0,27587.0,30231.0,0.26626014709472656
740,7.0,4100.0,29916.0,32626.0,0.2932453155517578
741,7.0,4200.0,27173.0,29986.0,0.2758917808532715
742,7.0,4300.0,29138.0,31994.0,0.29301977157592773
743,7.0,4400.0,29317.0,32239.0,0.2986257076263428
744,7.0,4500.0,39441.0,42435.0,0.38846278190612793
745,7.0,4600.0,28502.0,31597.0,0.2797539234161377
746,7.0,4700.0,35164.0,38289.0,0.37280917167663574
747,7.0,4800.0,31566.0,34747.0,0.30901193618774414
748,7.0,4900.0,33465.0,36720.0,0.33504414558410645
749,7.0,5000.0,33266.0,36606.0,0.3242509365081787
750,7.0,5100.0,36796.0,40205.0,0.362534761428833
751,7.0,5200.0,34618.0,38072.0,0.34869909286499023
752,7.0,5300.0,34526.0,38083.0,0.3491511344909668
753,7.0,5400.0,36782.0,40415.0,0.3768601417541504
754,7.0,5500.0,40657.0,44313.0,0.40517115592956543
755,7.0,5600.0,46730.0,50471.0,0.4683089256286621
756,7.0,5700.0,39972.0,43764.0,0.42225217819213867
757,7.0,5800.0,45850.0,49729.0,0.47769808769226074
758,7.0,5900.0,40683.0,44601.0,0.3864717483520508
759,7.0,6000.0,46906.0,50870.0,0.4565410614013672
760,7.0,6100.0,47622.0,51664.0,0.47087883949279785
761,7.0,6200.0,45471.0,49595.0,0.4627959728240967
762,7.0,6300.0,45630.0,49844.0,0.4609520435333252
763,7.0,6400.0,43822.0,48094.0,0.45673108100891113
764,7.0,6500.0,48155.0,52483.0,0.5544381141662598
765,7.0,6600.0,55965.0,60356.0,0.535797119140625
766,7.0,6700.0,47004.0,51490.0,0.48149609565734863
767,7.0,6800.0,51892.0,56423.0,0.5122561454772949
768,7.0,6900.0,44964.0,49548.0,0.4357633590698242
769,7.0,7000.0,53283.0,57941.0,0.5754261016845703
770,7.0,7100.0,49341.0,54058.0,0.5392649173736572
771,7.0,7200.0,59061.0,63826.0,0.6075088977813721
772,7.0,7300.0,57890.0,62753.0,0.5730350017547607
773,7.0,7400.0,54306.0,59243.0,0.5459010601043701
774,7.0,7500.0,62868.0,67864.0,0.6221699714660645
775,7.0,7600.0,55859.0,60959.0,0.562086820602417
776,7.0,7700.0,53989.0,59106.0,0.5384359359741211
777,7.0,7800.0,62985.0,68149.0,0.7131040096282959
778,7.0,7900.0,60011.0,65262.0,0.6354830265045166
779,7.0,8000.0,54630.0,59970.0,0.5609369277954102
780,7.0,8100.0,60309.0,65699.0,0.6211602687835693
781,7.0,8200.0,69741.0,75157.0,0.6947147846221924
782,7.0,8300.0,59354.0,64880.0,0.5835781097412109
783,7.0,8400.0,68149.0,73772.0,0.6915481090545654
784,7.0,8500.0,66462.0,72120.0,0.648169994354248
785,7.0,8600.0,58204.0,63952.0,0.5696890354156494
786,7.0,8700.0,68645.0,74496.0,0.6742920875549316
787,7.0,8800.0,73015.0,78912.0,0.726712703704834
788,7.0,8900.0,69972.0,75913.0,0.7677810192108154
789,7.0,9000.0,67148.0,73115.0,0.703765869140625
790,7.0,9100.0,65524.0,71582.0,0.6411678791046143
791,7.0,9200.0,65502.0,71639.0,0.6867117881774902
792,7.0,9300.0,68679.0,74875.0,0.693199872970581
793,7.0,9400.0,71417.0,77704.0,0.7304930686950684
794,7.0,9500.0,70691.0,76998.0,0.7080767154693604
795,7.0,9600.0,71638.0,78020.0,0.7055239677429199
796,7.0,9700.0,76671.0,83167.0,0.7665867805480957
797,7.0,9800.0,75011.0,81542.0,0.7569162845611572
798,7.0,9900.0,80553.0,87148.0,0.9092848300933838
799,7.0,10000.0,82239.0,88892.0,0.929990291595459
800,8.0,100.0,282.0,345.0,0.002691030502319336
801,8.0,200.0,709.0,838.0,0.008053064346313477
802,8.0,300.0,1171.0,1369.0,0.014193058013916016
803,8.0,400.0,1826.0,2092.0,0.015365839004516602
804,8.0,500.0,2723.0,3056.0,0.029663801193237305
805,8.0,600.0,3431.0,3822.0,0.036086082458496094
806,8.0,700.0,4178.0,4643.0,0.04180002212524414
807,8.0,800.0,3898.0,4436.0,0.04230904579162598
808,8.0,900.0,5043.0,5632.0,0.05088996887207031
809,8.0,1000.0,5364.0,6030.0,0.06939816474914551
810,8.0,1100.0,6712.0,7454.0,0.08126115798950195
811,8.0,1200.0,6429.0,7242.0,0.0648341178894043
812,8.0,1300.0,7594.0,8453.0,0.08589005470275879
813,8.0,1400.0,8274.0,9211.0,0.09207296371459961
814,8.0,1500.0,7735.0,8722.0,0.1029207706451416
815,8.0,1600.0,8757.0,9824.0,0.10196709632873535
816,8.0,1700.0,9877.0,11018.0,0.1646440029144287
817,8.0,1800.0,9234.0,10426.0,0.12106895446777344
818,8.0,1900.0,10917.0,12192.0,0.13302016258239746
819,8.0,2000.0,11991.0,13313.0,0.15471577644348145
820,8.0,2100.0,14884.0,16283.0,0.17451190948486328
821,8.0,2200.0,13556.0,15000.0,0.1997387409210205
822,8.0,2300.0,12986.0,14520.0,0.14895105361938477
823,8.0,2400.0,14715.0,16321.0,0.2364799976348877
824,8.0,2500.0,16113.0,17769.0,0.19676971435546875
825,8.0,2600.0,15924.0,17654.0,0.16002583503723145
826,8.0,2700.0,16706.0,18496.0,0.2058401107788086
827,8.0,2800.0,19951.0,21821.0,0.22539186477661133
828,8.0,2900.0,17250.0,19198.0,0.3156089782714844
829,8.0,3000.0,20175.0,22189.0,0.255295991897583
830,8.0,3100.0,20895.0,22966.0,0.30907106399536133
831,8.0,3200.0,19191.0,21341.0,0.23647522926330566
832,8.0,3300.0,20392.0,22619.0,0.2959630489349365
833,8.0,3400.0,21297.0,23543.0,0.25187087059020996
834,8.0,3500.0,23201.0,25525.0,0.29886913299560547
835,8.0,3600.0,22562.0,24951.0,0.3759307861328125
836,8.0,3700.0,27607.0,30068.0,0.494657039642334
837,8.0,3800.0,24691.0,27228.0,0.32242703437805176
838,8.0,3900.0,31121.0,33714.0,0.35636091232299805
839,8.0,4000.0,27291.0,29963.0,0.2831552028656006
840,8.0,4100.0,25476.0,28223.0,0.2721438407897949
841,8.0,4200.0,29716.0,32515.0,0.29773688316345215
842,8.0,4300.0,33704.0,36570.0,0.3323078155517578
843,8.0,4400.0,33308.0,36224.0,0.3250870704650879
844,8.0,4500.0,31034.0,34042.0,0.37807178497314453
845,8.0,4600.0,30565.0,33645.0,0.3006281852722168
846,8.0,4700.0,32007.0,35116.0,0.3327450752258301
847,8.0,4800.0,30472.0,33672.0,0.3205559253692627
848,8.0,4900.0,36842.0,40100.0,0.4046649932861328
849,8.0,5000.0,30542.0,33860.0,0.315112829208374
850,8.0,5100.0,32225.0,35631.0,0.3388378620147705
851,8.0,5200.0,37154.0,40628.0,0.38161206245422363
852,8.0,5300.0,41542.0,45054.0,0.9190027713775635
853,8.0,5400.0,37925.0,41541.0,0.727013111114502
854,8.0,5500.0,38222.0,41894.0,0.4613480567932129
855,8.0,5600.0,40294.0,44044.0,0.4795050621032715
856,8.0,5700.0,37534.0,41323.0,0.42717814445495605
857,8.0,5800.0,45126.0,48996.0,0.4938368797302246
858,8.0,5900.0,42523.0,46488.0,0.471315860748291
859,8.0,6000.0,44176.0,48200.0,0.5796389579772949
860,8.0,6100.0,43197.0,47271.0,0.5139181613922119
861,8.0,6200.0,46651.0,50787.0,0.5041649341583252
862,8.0,6300.0,50798.0,54971.0,0.5817258358001709
863,8.0,6400.0,43897.0,48156.0,0.5892720222473145
864,8.0,6500.0,45329.0,49655.0,0.5083291530609131
865,8.0,6600.0,46211.0,50584.0,0.701746940612793
866,8.0,6700.0,57842.0,62328.0,0.72965407371521
867,8.0,6800.0,56542.0,61086.0,0.6929867267608643
868,8.0,6900.0,44493.0,49108.0,0.7309861183166504
869,8.0,7000.0,50344.0,55015.0,1.0272457599639893
870,8.0,7100.0,51207.0,55959.0,0.5904929637908936
871,8.0,7200.0,48649.0,53468.0,0.6838240623474121
872,8.0,7300.0,54067.0,58938.0,0.7456948757171631
873,8.0,7400.0,54282.0,59215.0,0.5855870246887207
874,8.0,7500.0,58680.0,63661.0,0.7337229251861572
875,8.0,7600.0,63905.0,68974.0,1.057934045791626
876,8.0,7700.0,65103.0,70237.0,0.7049567699432373
877,8.0,7800.0,62046.0,67240.0,0.6712799072265625
878,8.0,7900.0,74059.0,79320.0,1.520643949508667
879,8.0,8000.0,63534.0,68846.0,0.8250701427459717
880,8.0,8100.0,73613.0,78988.0,1.3281333446502686
881,8.0,8200.0,62376.0,67852.0,0.7511868476867676
882,8.0,8300.0,69621.0,75165.0,0.7578532695770264
883,8.0,8400.0,63606.0,69169.0,0.6711609363555908
884,8.0,8500.0,73003.0,78712.0,0.7919418811798096
885,8.0,8600.0,69508.0,75248.0,0.7955269813537598
886,8.0,8700.0,70637.0,76452.0,0.8406250476837158
887,8.0,8800.0,66030.0,71920.0,0.678164005279541
888,8.0,8900.0,68356.0,74286.0,0.6878159046173096
889,8.0,9000.0,78054.0,84063.0,0.7866852283477783
890,8.0,9100.0,69460.0,75525.0,0.6642060279846191
891,8.0,9200.0,67084.0,73249.0,0.6444840431213379
892,8.0,9300.0,71079.0,77279.0,0.9085679054260254
893,8.0,9400.0,78796.0,85042.0,0.9190957546234131
894,8.0,9500.0,75737.0,82067.0,1.2296650409698486
895,8.0,9600.0,71750.0,78147.0,0.9383752346038818
896,8.0,9700.0,69585.0,76002.0,0.71579909324646
897,8.0,9800.0,79472.0,86029.0,0.7927649021148682
898,8.0,9900.0,75245.0,81829.0,0.7461628913879395
899,8.0,10000.0,73945.0,80617.0,0.7500898838043213
900,9.0,100.0,297.0,362.0,0.003345012664794922
901,9.0,200.0,918.0,1048.0,0.007778167724609375
902,9.0,300.0,1427.0,1629.0,0.01183629035949707
903,9.0,400.0,1508.0,1780.0,0.01738905906677246
904,9.0,500.0,2262.0,2585.0,0.022823810577392578
905,9.0,600.0,2647.0,3041.0,0.03579211235046387
906,9.0,700.0,3288.0,3755.0,0.03151679039001465
907,9.0,800.0,4470.0,5006.0,0.04400801658630371
908,9.0,900.0,5741.0,6338.0,0.05746817588806152
909,9.0,1000.0,5070.0,5729.0,0.05011916160583496
910,9.0,1100.0,6924.0,7656.0,0.07188701629638672
911,9.0,1200.0,7250.0,8052.0,0.07822608947753906
912,9.0,1300.0,7872.0,8742.0,0.08007025718688965
913,9.0,1400.0,8477.0,9412.0,0.08899497985839844
914,9.0,1500.0,7495.0,8480.0,0.07147073745727539
915,9.0,1600.0,7971.0,9045.0,0.07989811897277832
916,9.0,1700.0,10444.0,11574.0,0.10248398780822754
917,9.0,1800.0,9325.0,10524.0,0.09474468231201172
918,9.0,1900.0,11188.0,12459.0,0.1108708381652832
919,9.0,2000.0,14371.0,15710.0,0.14003396034240723
920,9.0,2100.0,12186.0,13571.0,0.12392401695251465
921,9.0,2200.0,11778.0,13236.0,0.12015795707702637
922,9.0,2300.0,13971.0,15516.0,0.1493511199951172
923,9.0,2400.0,16850.0,18436.0,0.3344838619232178
924,9.0,2500.0,14704.0,16359.0,0.17911314964294434
925,9.0,2600.0,14997.0,16716.0,0.17955398559570312
926,9.0,2700.0,19252.0,21061.0,0.22160100936889648
927,9.0,2800.0,17538.0,19390.0,0.31240296363830566
928,9.0,2900.0,19508.0,21439.0,0.19984889030456543
929,9.0,3000.0,19953.0,21943.0,0.2202291488647461
930,9.0,3100.0,19430.0,21493.0,0.24618768692016602
931,9.0,3200.0,20872.0,22996.0,0.22194814682006836
932,9.0,3300.0,17895.0,20112.0,0.19647789001464844
933,9.0,3400.0,21571.0,23834.0,0.23678994178771973
934,9.0,3500.0,22660.0,24981.0,0.2172222137451172
935,9.0,3600.0,23038.0,25412.0,0.2516920566558838
936,9.0,3700.0,22893.0,25352.0,0.24260878562927246
937,9.0,3800.0,27299.0,29837.0,0.27727413177490234
938,9.0,3900.0,25198.0,27798.0,0.2754700183868408
939,9.0,4000.0,24932.0,27576.0,0.25840187072753906
940,9.0,4100.0,26325.0,29032.0,0.26495814323425293
941,9.0,4200.0,30220.0,33014.0,0.30757880210876465
942,9.0,4300.0,27856.0,30723.0,0.25838637351989746
943,9.0,4400.0,28517.0,31463.0,0.27048778533935547
944,9.0,4500.0,35008.0,37988.0,0.36093902587890625
945,9.0,4600.0,32346.0,35401.0,0.34124279022216797
946,9.0,4700.0,34705.0,37820.0,0.3159968852996826
947,9.0,4800.0,31424.0,34633.0,0.3050050735473633
948,9.0,4900.0,34762.0,38021.0,0.3345000743865967
949,9.0,5000.0,34103.0,37438.0,0.33931589126586914
950,9.0,5100.0,33432.0,36833.0,0.307358980178833
951,9.0,5200.0,40994.0,44466.0,0.394193172454834
952,9.0,5300.0,42163.0,45709.0,0.43291807174682617
953,9.0,5400.0,43417.0,47039.0,0.44284915924072266
954,9.0,5500.0,38841.0,42495.0,0.4079740047454834
955,9.0,5600.0,41364.0,45085.0,0.37666893005371094
956,9.0,5700.0,40115.0,43927.0,0.3668031692504883
957,9.0,5800.0,39317.0,43169.0,0.3725299835205078
958,9.0,5900.0,39767.0,43702.0,0.36190199851989746
959,9.0,6000.0,48218.0,52212.0,0.42239999771118164
960,9.0,6100.0,43410.0,47465.0,0.4174158573150635
961,9.0,6200.0,51094.0,55207.0,0.46785497665405273
962,9.0,6300.0,39969.0,44170.0,0.36049890518188477
963,9.0,6400.0,55188.0,59449.0,0.5000700950622559
964,9.0,6500.0,46788.0,51159.0,0.43057799339294434
965,9.0,6600.0,45666.0,50041.0,0.4532768726348877
966,9.0,6700.0,52337.0,56815.0,0.5481929779052734
967,9.0,6800.0,47890.0,52435.0,0.4794149398803711
968,9.0,6900.0,49764.0,54390.0,0.48362088203430176
969,9.0,7000.0,53829.0,58515.0,0.5237257480621338
970,9.0,7100.0,52864.0,57584.0,0.513073205947876
971,9.0,7200.0,51744.0,56552.0,0.4984760284423828
972,9.0,7300.0,51168.0,56055.0,0.46016907691955566
973,9.0,7400.0,53531.0,58480.0,0.4905071258544922
974,9.0,7500.0,51808.0,56782.0,0.49885010719299316
975,9.0,7600.0,63488.0,68556.0,0.5986850261688232
976,9.0,7700.0,65257.0,70368.0,0.5861978530883789
977,9.0,7800.0,58372.0,63569.0,0.5129978656768799
978,9.0,7900.0,67238.0,72505.0,0.6216840744018555
979,9.0,8000.0,65441.0,70754.0,0.5931718349456787
980,9.0,8100.0,62728.0,68144.0,0.6227099895477295
981,9.0,8200.0,62348.0,67802.0,0.5580589771270752
982,9.0,8300.0,70964.0,76472.0,0.6669290065765381
983,9.0,8400.0,65781.0,71404.0,0.6948859691619873
984,9.0,8500.0,75596.0,81282.0,0.7095341682434082
985,9.0,8600.0,65985.0,71728.0,0.6048641204833984
986,9.0,8700.0,69475.0,75300.0,0.6033210754394531
987,9.0,8800.0,63112.0,68978.0,0.5763149261474609
988,9.0,8900.0,69958.0,75945.0,0.6429300308227539
989,9.0,9000.0,65543.0,71541.0,0.5847790241241455
990,9.0,9100.0,70855.0,76891.0,0.6881191730499268
991,9.0,9200.0,70804.0,76949.0,0.6467697620391846
992,9.0,9300.0,73103.0,79290.0,0.6976761817932129
993,9.0,9400.0,68687.0,74942.0,0.6125707626342773
994,9.0,9500.0,67470.0,73785.0,0.6062419414520264
995,9.0,9600.0,70982.0,77376.0,0.6765639781951904
996,9.0,9700.0,81249.0,87735.0,0.7758681774139404
997,9.0,9800.0,72228.0,78742.0,0.674530029296875
998,9.0,9900.0,77471.0,84112.0,0.7019131183624268
999,9.0,10000.0,78446.0,85138.0,0.7187011241912842
