,Trial,Size,Comparisons,Swaps,Merge duration
0,0.0,100.0,316.0,415.0,0.004522085189819336
1,0.0,200.0,732.0,931.0,0.012480020523071289
2,0.0,300.0,1180.0,1479.0,0.02629709243774414
3,0.0,400.0,1664.0,2063.0,0.024312734603881836
4,0.0,500.0,2216.0,2715.0,0.04175591468811035
5,0.0,600.0,2660.0,3259.0,0.03004622459411621
6,0.0,700.0,3172.0,3871.0,0.04381585121154785
7,0.0,800.0,3728.0,4527.0,0.042324066162109375
8,0.0,900.0,4304.0,5203.0,0.05763387680053711
9,0.0,1000.0,4932.0,5931.0,0.075347900390625
10,0.0,1100.0,5420.0,6519.0,0.07542586326599121
11,0.0,1200.0,5920.0,7119.0,0.070343017578125
12,0.0,1300.0,6480.0,7779.0,0.08139586448669434
13,0.0,1400.0,7044.0,8443.0,0.18787503242492676
14,0.0,1500.0,7664.0,9163.0,0.18468880653381348
15,0.0,1600.0,8256.0,9855.0,0.11454486846923828
16,0.0,1700.0,8836.0,10535.0,0.14151692390441895
17,0.0,1800.0,9508.0,11307.0,0.13464617729187012
18,0.0,1900.0,10144.0,12043.0,0.1382749080657959
19,0.0,2000.0,10864.0,12863.0,0.19797682762145996
20,0.0,2100.0,11456.0,13555.0,0.16231894493103027
21,0.0,2200.0,11940.0,14139.0,0.20903897285461426
22,0.0,2300.0,12512.0,14811.0,0.18596601486206055
23,0.0,2400.0,13040.0,15439.0,0.3004012107849121
24,0.0,2500.0,13652.0,16151.0,0.22212624549865723
25,0.0,2600.0,14260.0,16859.0,0.20795989036560059
26,0.0,2700.0,14840.0,17539.0,0.2612919807434082
27,0.0,2800.0,15488.0,18287.0,0.21517586708068848
28,0.0,2900.0,16120.0,19019.0,0.2210531234741211
29,0.0,3000.0,16828.0,19827.0,0.31633877754211426
30,0.0,3100.0,17528.0,20627.0,0.2938261032104492
31,0.0,3200.0,18112.0,21311.0,0.21756505966186523
32,0.0,3300.0,18728.0,22027.0,0.23714590072631836
33,0.0,3400.0,19372.0,22771.0,0.26000380516052246
34,0.0,3500.0,20064.0,23563.0,0.26065826416015625
35,0.0,3600.0,20816.0,24415.0,0.24175500869750977
36,0.0,3700.0,21468.0,25167.0,0.25590991973876953
37,0.0,3800.0,22188.0,25987.0,0.24957585334777832
38,0.0,3900.0,22940.0,26839.0,0.27329325675964355
39,0.0,4000.0,23728.0,27727.0,0.2853081226348877
40,0.0,4100.0,24584.0,28683.0,0.326732873916626
41,0.0,4200.0,25012.0,29211.0,0.5573379993438721
42,0.0,4300.0,25528.0,29827.0,0.5607051849365234
43,0.0,4400.0,26080.0,30479.0,0.3917360305786133
44,0.0,4500.0,26660.0,31159.0,0.3648838996887207
45,0.0,4600.0,27324.0,31923.0,0.3342461585998535
46,0.0,4700.0,27860.0,32559.0,0.33539891242980957
47,0.0,4800.0,28480.0,33279.0,0.4321150779724121
48,0.0,4900.0,29124.0,34023.0,0.3493800163269043
49,0.0,5000.0,29804.0,34803.0,0.3115839958190918
50,0.0,5100.0,30540.0,35639.0,0.4048733711242676
51,0.0,5200.0,31120.0,36319.0,0.36671018600463867
52,0.0,5300.0,31720.0,37019.0,0.7108058929443359
53,0.0,5400.0,32380.0,37779.0,0.7044432163238525
54,0.0,5500.0,33052.0,38551.0,0.5193109512329102
55,0.0,5600.0,33776.0,39375.0,0.7430069446563721
56,0.0,5700.0,34452.0,40151.0,0.6119379997253418
57,0.0,5800.0,35140.0,40939.0,0.5042440891265869
58,0.0,5900.0,35908.0,41807.0,0.5534870624542236
59,0.0,6000.0,36656.0,42655.0,1.345015048980713
60,0.0,6100.0,37472.0,43571.0,1.535508155822754
61,0.0,6200.0,38156.0,44355.0,1.3901121616363525
62,0.0,6300.0,38740.0,45039.0,1.6444652080535889
63,0.0,6400.0,39424.0,45823.0,2.358031988143921
64,0.0,6500.0,40040.0,46539.0,1.7540340423583984
65,0.0,6600.0,40756.0,47355.0,1.5477612018585205
66,0.0,6700.0,41460.0,48159.0,1.4504508972167969
67,0.0,6800.0,42144.0,48943.0,1.8453397750854492
68,0.0,6900.0,42896.0,49795.0,1.4157540798187256
69,0.0,7000.0,43628.0,50627.0,1.5924198627471924
70,0.0,7100.0,44440.0,51539.0,1.5998477935791016
71,0.0,7200.0,45232.0,52431.0,1.5942530632019043
72,0.0,7300.0,45908.0,53207.0,1.495006799697876
73,0.0,7400.0,46636.0,54035.0,1.492107629776001
74,0.0,7500.0,47376.0,54875.0,1.5032002925872803
75,0.0,7600.0,48176.0,55775.0,1.552055835723877
76,0.0,7700.0,49016.0,56715.0,1.6125280857086182
77,0.0,7800.0,49780.0,57579.0,1.60414719581604
78,0.0,7900.0,50600.0,58499.0,1.6477806568145752
79,0.0,8000.0,51456.0,59455.0,2.0483591556549072
80,0.0,8100.0,52336.0,60435.0,1.7472209930419922
81,0.0,8200.0,53268.0,61467.0,1.639937162399292
82,0.0,8300.0,53704.0,62003.0,1.611051082611084
83,0.0,8400.0,54224.0,62623.0,1.6017670631408691
84,0.0,8500.0,54772.0,63271.0,1.7956218719482422
85,0.0,8600.0,55356.0,63955.0,1.6594879627227783
86,0.0,8700.0,56028.0,64727.0,1.559453010559082
87,0.0,8800.0,56560.0,65359.0,1.615738868713379
88,0.0,8900.0,57172.0,66071.0,1.8559138774871826
89,0.0,9000.0,57820.0,66819.0,1.6957309246063232
90,0.0,9100.0,58500.0,67599.0,1.597343921661377
91,0.0,9200.0,59248.0,68447.0,1.8387839794158936
92,0.0,9300.0,59812.0,69111.0,1.6937689781188965
93,0.0,9400.0,60420.0,69819.0,1.5944101810455322
94,0.0,9500.0,61076.0,70575.0,1.806229829788208
95,0.0,9600.0,61760.0,71359.0,1.6550300121307373
96,0.0,9700.0,62476.0,72175.0,1.7648711204528809
97,0.0,9800.0,63148.0,72947.0,1.7425868511199951
98,0.0,9900.0,63840.0,73739.0,1.7545719146728516
99,0.0,10000.0,64608.0,74607.0,1.7013001441955566
100,1.0,100.0,316.0,415.0,0.0036940574645996094
101,1.0,200.0,732.0,931.0,0.03778195381164551
102,1.0,300.0,1180.0,1479.0,0.04366803169250488
103,1.0,400.0,1664.0,2063.0,0.047840118408203125
104,1.0,500.0,2216.0,2715.0,0.05397486686706543
105,1.0,600.0,2660.0,3259.0,0.05607295036315918
106,1.0,700.0,3172.0,3871.0,0.09436964988708496
107,1.0,800.0,3728.0,4527.0,0.09521222114562988
108,1.0,900.0,4304.0,5203.0,0.10444211959838867
109,1.0,1000.0,4932.0,5931.0,0.14560794830322266
110,1.0,1100.0,5420.0,6519.0,0.11898970603942871
111,1.0,1200.0,5920.0,7119.0,0.1502079963684082
112,1.0,1300.0,6480.0,7779.0,0.1939840316772461
113,1.0,1400.0,7044.0,8443.0,0.1921689510345459
114,1.0,1500.0,7664.0,9163.0,0.2321479320526123
115,1.0,1600.0,8256.0,9855.0,0.23943495750427246
116,1.0,1700.0,8836.0,10535.0,0.2396409511566162
117,1.0,1800.0,9508.0,11307.0,0.2555110454559326
118,1.0,1900.0,10144.0,12043.0,0.2514371871948242
119,1.0,2000.0,10864.0,12863.0,0.2584519386291504
120,1.0,2100.0,11456.0,13555.0,0.26737093925476074
121,1.0,2200.0,11940.0,14139.0,0.2985680103302002
122,1.0,2300.0,12512.0,14811.0,0.34973716735839844
123,1.0,2400.0,13040.0,15439.0,0.3469419479370117
124,1.0,2500.0,13652.0,16151.0,0.31338024139404297
125,1.0,2600.0,14260.0,16859.0,0.3832271099090576
126,1.0,2700.0,14840.0,17539.0,0.35063886642456055
127,1.0,2800.0,15488.0,18287.0,0.4113311767578125
128,1.0,2900.0,16120.0,19019.0,0.40367794036865234
129,1.0,3000.0,16828.0,19827.0,0.45738697052001953
130,1.0,3100.0,17528.0,20627.0,0.6492550373077393
131,1.0,3200.0,18112.0,21311.0,0.7028141021728516
132,1.0,3300.0,18728.0,22027.0,0.8929321765899658
133,1.0,3400.0,19372.0,22771.0,0.6448540687561035
134,1.0,3500.0,20064.0,23563.0,0.6519820690155029
135,1.0,3600.0,20816.0,24415.0,0.6656391620635986
136,1.0,3700.0,21468.0,25167.0,0.8817470073699951
137,1.0,3800.0,22188.0,25987.0,0.7079901695251465
138,1.0,3900.0,22940.0,26839.0,0.6653051376342773
139,1.0,4000.0,23728.0,27727.0,0.6455659866333008
140,1.0,4100.0,24584.0,28683.0,0.6425328254699707
141,1.0,4200.0,25012.0,29211.0,0.7391669750213623
142,1.0,4300.0,25528.0,29827.0,0.6614792346954346
143,1.0,4400.0,26080.0,30479.0,0.8518280982971191
144,1.0,4500.0,26660.0,31159.0,0.9048609733581543
145,1.0,4600.0,27324.0,31923.0,0.6603310108184814
146,1.0,4700.0,27860.0,32559.0,0.7000629901885986
147,1.0,4800.0,28480.0,33279.0,0.7369709014892578
148,1.0,4900.0,29124.0,34023.0,0.7452840805053711
149,1.0,5000.0,29804.0,34803.0,0.7152299880981445
150,1.0,5100.0,30540.0,35639.0,0.8627541065216064
151,1.0,5200.0,31120.0,36319.0,0.8348948955535889
152,1.0,5300.0,31720.0,37019.0,0.8353509902954102
153,1.0,5400.0,32380.0,37779.0,0.854895830154419
154,1.0,5500.0,33052.0,38551.0,0.8484218120574951
155,1.0,5600.0,33776.0,39375.0,0.8153882026672363
156,1.0,5700.0,34452.0,40151.0,0.8560478687286377
157,1.0,5800.0,35140.0,40939.0,0.8598458766937256
158,1.0,5900.0,35908.0,41807.0,0.9038479328155518
159,1.0,6000.0,36656.0,42655.0,0.8565287590026855
160,1.0,6100.0,37472.0,43571.0,0.8962907791137695
161,1.0,6200.0,38156.0,44355.0,0.9348878860473633
162,1.0,6300.0,38740.0,45039.0,0.9478268623352051
163,1.0,6400.0,39424.0,45823.0,0.9366238117218018
164,1.0,6500.0,40040.0,46539.0,0.9904477596282959
165,1.0,6600.0,40756.0,47355.0,1.1423218250274658
166,1.0,6700.0,41460.0,48159.0,1.0321719646453857
167,1.0,6800.0,42144.0,48943.0,1.0377600193023682
168,1.0,6900.0,42896.0,49795.0,1.0914602279663086
169,1.0,7000.0,43628.0,50627.0,1.0113439559936523
170,1.0,7100.0,44440.0,51539.0,1.0173358917236328
171,1.0,7200.0,45232.0,52431.0,1.1453049182891846
172,1.0,7300.0,45908.0,53207.0,1.1123270988464355
173,1.0,7400.0,46636.0,54035.0,1.1547648906707764
174,1.0,7500.0,47376.0,54875.0,1.1621081829071045
175,1.0,7600.0,48176.0,55775.0,1.1534788608551025
176,1.0,7700.0,49016.0,56715.0,1.1131901741027832
177,1.0,7800.0,49780.0,57579.0,1.2203478813171387
178,1.0,7900.0,50600.0,58499.0,1.1605181694030762
179,1.0,8000.0,51456.0,59455.0,1.1553890705108643
180,1.0,8100.0,52336.0,60435.0,1.2063918113708496
181,1.0,8200.0,53268.0,61467.0,1.1969070434570312
182,1.0,8300.0,53704.0,62003.0,1.3555350303649902
183,1.0,8400.0,54224.0,62623.0,1.5500359535217285
184,1.0,8500.0,54772.0,63271.0,1.5460140705108643
185,1.0,8600.0,55356.0,63955.0,1.9549312591552734
186,1.0,8700.0,56028.0,64727.0,2.456418037414551
187,1.0,8800.0,56560.0,65359.0,2.1128180027008057
188,1.0,8900.0,57172.0,66071.0,1.897812843322754
189,1.0,9000.0,57820.0,66819.0,1.6378769874572754
190,1.0,9100.0,58500.0,67599.0,1.5639560222625732
191,1.0,9200.0,59248.0,68447.0,1.5471570491790771
192,1.0,9300.0,59812.0,69111.0,1.885171890258789
193,1.0,9400.0,60420.0,69819.0,3.147839069366455
194,1.0,9500.0,61076.0,70575.0,0.7384400367736816
195,1.0,9600.0,61760.0,71359.0,0.9419131278991699
196,1.0,9700.0,62476.0,72175.0,0.9400067329406738
197,1.0,9800.0,63148.0,72947.0,0.970667839050293
198,1.0,9900.0,63840.0,73739.0,0.9152235984802246
199,1.0,10000.0,64608.0,74607.0,1.0028469562530518
200,2.0,100.0,316.0,415.0,0.004399776458740234
201,2.0,200.0,732.0,931.0,0.007223844528198242
202,2.0,300.0,1180.0,1479.0,0.01446080207824707
203,2.0,400.0,1664.0,2063.0,0.021818161010742188
204,2.0,500.0,2216.0,2715.0,0.02631211280822754
205,2.0,600.0,2660.0,3259.0,0.028172016143798828
206,2.0,700.0,3172.0,3871.0,0.03803110122680664
207,2.0,800.0,3728.0,4527.0,0.04329419136047363
208,2.0,900.0,4304.0,5203.0,0.049031972885131836
209,2.0,1000.0,4932.0,5931.0,0.06387209892272949
210,2.0,1100.0,5420.0,6519.0,0.06181216239929199
211,2.0,1200.0,5920.0,7119.0,0.06600284576416016
212,2.0,1300.0,6480.0,7779.0,0.07187294960021973
213,2.0,1400.0,7044.0,8443.0,0.08072996139526367
214,2.0,1500.0,7664.0,9163.0,0.09497404098510742
215,2.0,1600.0,8256.0,9855.0,0.09178018569946289
216,2.0,1700.0,8836.0,10535.0,0.09633898735046387
217,2.0,1800.0,9508.0,11307.0,0.10900402069091797
218,2.0,1900.0,10144.0,12043.0,0.11454010009765625
219,2.0,2000.0,10864.0,12863.0,0.11400413513183594
220,2.0,2100.0,11456.0,13555.0,0.12771296501159668
221,2.0,2200.0,11940.0,14139.0,0.13356709480285645
222,2.0,2300.0,12512.0,14811.0,0.23147201538085938
223,2.0,2400.0,13040.0,15439.0,0.15055584907531738
224,2.0,2500.0,13652.0,16151.0,0.18134403228759766
225,2.0,2600.0,14260.0,16859.0,0.18555021286010742
226,2.0,2700.0,14840.0,17539.0,0.19027400016784668
227,2.0,2800.0,15488.0,18287.0,0.1995546817779541
228,2.0,2900.0,16120.0,19019.0,0.20270323753356934
229,2.0,3000.0,16828.0,19827.0,0.22664999961853027
230,2.0,3100.0,17528.0,20627.0,0.22247600555419922
231,2.0,3200.0,18112.0,21311.0,0.26241374015808105
232,2.0,3300.0,18728.0,22027.0,0.264545202255249
233,2.0,3400.0,19372.0,22771.0,0.26378965377807617
234,2.0,3500.0,20064.0,23563.0,0.23398590087890625
235,2.0,3600.0,20816.0,24415.0,0.28954291343688965
236,2.0,3700.0,21468.0,25167.0,0.5185048580169678
237,2.0,3800.0,22188.0,25987.0,0.7203330993652344
238,2.0,3900.0,22940.0,26839.0,0.4214611053466797
239,2.0,4000.0,23728.0,27727.0,0.4128599166870117
240,2.0,4100.0,24584.0,28683.0,0.35007190704345703
241,2.0,4200.0,25012.0,29211.0,0.410524845123291
242,2.0,4300.0,25528.0,29827.0,0.42203593254089355
243,2.0,4400.0,26080.0,30479.0,0.28216981887817383
244,2.0,4500.0,26660.0,31159.0,0.30339908599853516
245,2.0,4600.0,27324.0,31923.0,0.29498791694641113
246,2.0,4700.0,27860.0,32559.0,0.3093280792236328
247,2.0,4800.0,28480.0,33279.0,0.42718005180358887
248,2.0,4900.0,29124.0,34023.0,0.41417503356933594
249,2.0,5000.0,29804.0,34803.0,0.3664131164550781
250,2.0,5100.0,30540.0,35639.0,0.4181079864501953
251,2.0,5200.0,31120.0,36319.0,0.4047667980194092
252,2.0,5300.0,31720.0,37019.0,0.3992800712585449
253,2.0,5400.0,32380.0,37779.0,0.5769412517547607
254,2.0,5500.0,33052.0,38551.0,0.41435885429382324
255,2.0,5600.0,33776.0,39375.0,0.40403199195861816
256,2.0,5700.0,34452.0,40151.0,0.408447265625
257,2.0,5800.0,35140.0,40939.0,0.5181450843811035
258,2.0,5900.0,35908.0,41807.0,0.6241719722747803
259,2.0,6000.0,36656.0,42655.0,0.4894590377807617
260,2.0,6100.0,37472.0,43571.0,0.4412050247192383
261,2.0,6200.0,38156.0,44355.0,0.444033145904541
262,2.0,6300.0,38740.0,45039.0,0.42482829093933105
263,2.0,6400.0,39424.0,45823.0,0.44605302810668945
264,2.0,6500.0,40040.0,46539.0,0.4458160400390625
265,2.0,6600.0,40756.0,47355.0,0.44241786003112793
266,2.0,6700.0,41460.0,48159.0,0.44706201553344727
267,2.0,6800.0,42144.0,48943.0,0.4544699192047119
268,2.0,6900.0,42896.0,49795.0,0.5326023101806641
269,2.0,7000.0,43628.0,50627.0,0.6429932117462158
270,2.0,7100.0,44440.0,51539.0,0.6643450260162354
271,2.0,7200.0,45232.0,52431.0,0.6453869342803955
272,2.0,7300.0,45908.0,53207.0,0.5373721122741699
273,2.0,7400.0,46636.0,54035.0,0.5295062065124512
274,2.0,7500.0,47376.0,54875.0,0.7627260684967041
275,2.0,7600.0,48176.0,55775.0,0.72562575340271
276,2.0,7700.0,49016.0,56715.0,0.6765341758728027
277,2.0,7800.0,49780.0,57579.0,0.6687719821929932
278,2.0,7900.0,50600.0,58499.0,0.6861481666564941
279,2.0,8000.0,51456.0,59455.0,0.6379761695861816
280,2.0,8100.0,52336.0,60435.0,0.6378040313720703
281,2.0,8200.0,53268.0,61467.0,0.5969719886779785
282,2.0,8300.0,53704.0,62003.0,0.5782990455627441
283,2.0,8400.0,54224.0,62623.0,0.6013140678405762
284,2.0,8500.0,54772.0,63271.0,0.7073562145233154
285,2.0,8600.0,55356.0,63955.0,0.7060143947601318
286,2.0,8700.0,56028.0,64727.0,0.7791800498962402
287,2.0,8800.0,56560.0,65359.0,0.6590309143066406
288,2.0,8900.0,57172.0,66071.0,0.6289148330688477
289,2.0,9000.0,57820.0,66819.0,0.712770938873291
290,2.0,9100.0,58500.0,67599.0,0.6619651317596436
291,2.0,9200.0,59248.0,68447.0,0.784372091293335
292,2.0,9300.0,59812.0,69111.0,0.7933640480041504
293,2.0,9400.0,60420.0,69819.0,0.8801858425140381
294,2.0,9500.0,61076.0,70575.0,0.8002700805664062
295,2.0,9600.0,61760.0,71359.0,0.6713190078735352
296,2.0,9700.0,62476.0,72175.0,0.677746057510376
297,2.0,9800.0,63148.0,72947.0,0.7134678363800049
298,2.0,9900.0,63840.0,73739.0,0.7186141014099121
299,2.0,10000.0,64608.0,74607.0,0.7215366363525391
300,3.0,100.0,316.0,415.0,0.0051310062408447266
301,3.0,200.0,732.0,931.0,0.007966041564941406
302,3.0,300.0,1180.0,1479.0,0.013074874877929688
303,3.0,400.0,1664.0,2063.0,0.017232894897460938
304,3.0,500.0,2216.0,2715.0,0.024635791778564453
305,3.0,600.0,2660.0,3259.0,0.02697277069091797
306,3.0,700.0,3172.0,3871.0,0.03421783447265625
307,3.0,800.0,3728.0,4527.0,0.05335211753845215
308,3.0,900.0,4304.0,5203.0,0.04537200927734375
309,3.0,1000.0,4932.0,5931.0,0.055918216705322266
310,3.0,1100.0,5420.0,6519.0,0.06975984573364258
311,3.0,1200.0,5920.0,7119.0,0.0654902458190918
312,3.0,1300.0,6480.0,7779.0,0.07494592666625977
313,3.0,1400.0,7044.0,8443.0,0.07943320274353027
314,3.0,1500.0,7664.0,9163.0,0.0849759578704834
315,3.0,1600.0,8256.0,9855.0,0.10593628883361816
316,3.0,1700.0,8836.0,10535.0,0.12614202499389648
317,3.0,1800.0,9508.0,11307.0,0.10588479042053223
318,3.0,1900.0,10144.0,12043.0,0.11387896537780762
319,3.0,2000.0,10864.0,12863.0,0.11627507209777832
320,3.0,2100.0,11456.0,13555.0,0.1242513656616211
321,3.0,2200.0,11940.0,14139.0,0.13904118537902832
322,3.0,2300.0,12512.0,14811.0,0.14246892929077148
323,3.0,2400.0,13040.0,15439.0,0.1390998363494873
324,3.0,2500.0,13652.0,16151.0,0.15718603134155273
325,3.0,2600.0,14260.0,16859.0,0.152055025100708
326,3.0,2700.0,14840.0,17539.0,0.17176103591918945
327,3.0,2800.0,15488.0,18287.0,0.16148018836975098
328,3.0,2900.0,16120.0,19019.0,0.17981386184692383
329,3.0,3000.0,16828.0,19827.0,0.19777989387512207
330,3.0,3100.0,17528.0,20627.0,0.20043015480041504
331,3.0,3200.0,18112.0,21311.0,0.2024538516998291
332,3.0,3300.0,18728.0,22027.0,0.2144927978515625
333,3.0,3400.0,19372.0,22771.0,0.21408486366271973
334,3.0,3500.0,20064.0,23563.0,0.23199200630187988
335,3.0,3600.0,20816.0,24415.0,0.21709513664245605
336,3.0,3700.0,21468.0,25167.0,0.23213815689086914
337,3.0,3800.0,22188.0,25987.0,0.2438499927520752
338,3.0,3900.0,22940.0,26839.0,0.2369849681854248
339,3.0,4000.0,23728.0,27727.0,0.2565910816192627
340,3.0,4100.0,24584.0,28683.0,0.2731940746307373
341,3.0,4200.0,25012.0,29211.0,0.2803950309753418
342,3.0,4300.0,25528.0,29827.0,0.27434325218200684
343,3.0,4400.0,26080.0,30479.0,0.28174901008605957
344,3.0,4500.0,26660.0,31159.0,0.2787449359893799
345,3.0,4600.0,27324.0,31923.0,0.29565906524658203
346,3.0,4700.0,27860.0,32559.0,0.306865930557251
347,3.0,4800.0,28480.0,33279.0,0.3097350597381592
348,3.0,4900.0,29124.0,34023.0,0.31259894371032715
349,3.0,5000.0,29804.0,34803.0,0.3025798797607422
350,3.0,5100.0,30540.0,35639.0,0.3178980350494385
351,3.0,5200.0,31120.0,36319.0,0.33176112174987793
352,3.0,5300.0,31720.0,37019.0,0.4219851493835449
353,3.0,5400.0,32380.0,37779.0,0.33304882049560547
354,3.0,5500.0,33052.0,38551.0,0.37197232246398926
355,3.0,5600.0,33776.0,39375.0,0.38420581817626953
356,3.0,5700.0,34452.0,40151.0,0.3402550220489502
357,3.0,5800.0,35140.0,40939.0,0.3854990005493164
358,3.0,5900.0,35908.0,41807.0,0.3954737186431885
359,3.0,6000.0,36656.0,42655.0,0.3911609649658203
360,3.0,6100.0,37472.0,43571.0,0.3708980083465576
361,3.0,6200.0,38156.0,44355.0,0.4117410182952881
362,3.0,6300.0,38740.0,45039.0,0.4152688980102539
363,3.0,6400.0,39424.0,45823.0,0.4096529483795166
364,3.0,6500.0,40040.0,46539.0,0.419248104095459
365,3.0,6600.0,40756.0,47355.0,0.4536769390106201
366,3.0,6700.0,41460.0,48159.0,0.45406413078308105
367,3.0,6800.0,42144.0,48943.0,0.433851957321167
368,3.0,6900.0,42896.0,49795.0,0.4747638702392578
369,3.0,7000.0,43628.0,50627.0,0.47501373291015625
370,3.0,7100.0,44440.0,51539.0,0.4714970588684082
371,3.0,7200.0,45232.0,52431.0,0.4745919704437256
372,3.0,7300.0,45908.0,53207.0,0.4912528991699219
373,3.0,7400.0,46636.0,54035.0,0.5096261501312256
374,3.0,7500.0,47376.0,54875.0,0.5005197525024414
375,3.0,7600.0,48176.0,55775.0,0.49031496047973633
376,3.0,7700.0,49016.0,56715.0,0.5046772956848145
377,3.0,7800.0,49780.0,57579.0,0.5186460018157959
378,3.0,7900.0,50600.0,58499.0,0.5278892517089844
379,3.0,8000.0,51456.0,59455.0,0.5499298572540283
380,3.0,8100.0,52336.0,60435.0,0.553969144821167
381,3.0,8200.0,53268.0,61467.0,0.5369210243225098
382,3.0,8300.0,53704.0,62003.0,0.6557638645172119
383,3.0,8400.0,54224.0,62623.0,0.5711860656738281
384,3.0,8500.0,54772.0,63271.0,0.5719239711761475
385,3.0,8600.0,55356.0,63955.0,0.58846116065979
386,3.0,8700.0,56028.0,64727.0,0.5584921836853027
387,3.0,8800.0,56560.0,65359.0,0.616077184677124
388,3.0,8900.0,57172.0,66071.0,0.6021928787231445
389,3.0,9000.0,57820.0,66819.0,0.639244794845581
390,3.0,9100.0,58500.0,67599.0,0.7423241138458252
391,3.0,9200.0,59248.0,68447.0,0.6612198352813721
392,3.0,9300.0,59812.0,69111.0,0.623056173324585
393,3.0,9400.0,60420.0,69819.0,0.653648853302002
394,3.0,9500.0,61076.0,70575.0,0.6576669216156006
395,3.0,9600.0,61760.0,71359.0,0.6620688438415527
396,3.0,9700.0,62476.0,72175.0,0.6880130767822266
397,3.0,9800.0,63148.0,72947.0,0.6803531646728516
398,3.0,9900.0,63840.0,73739.0,0.6873159408569336
399,3.0,10000.0,64608.0,74607.0,0.6866130828857422
400,4.0,100.0,316.0,415.0,0.0037071704864501953
401,4.0,200.0,732.0,931.0,0.009779930114746094
402,4.0,300.0,1180.0,1479.0,0.012681007385253906
403,4.0,400.0,1664.0,2063.0,0.016705751419067383
404,4.0,500.0,2216.0,2715.0,0.023834228515625
405,4.0,600.0,2660.0,3259.0,0.03144121170043945
406,4.0,700.0,3172.0,3871.0,0.03261375427246094
407,4.0,800.0,3728.0,4527.0,0.03939008712768555
408,4.0,900.0,4304.0,5203.0,0.04845571517944336
409,4.0,1000.0,4932.0,5931.0,0.0480351448059082
410,4.0,1100.0,5420.0,6519.0,0.05937695503234863
411,4.0,1200.0,5920.0,7119.0,0.0656440258026123
412,4.0,1300.0,6480.0,7779.0,0.0803537368774414
413,4.0,1400.0,7044.0,8443.0,0.07208395004272461
414,4.0,1500.0,7664.0,9163.0,0.08241987228393555
415,4.0,1600.0,8256.0,9855.0,0.0868079662322998
416,4.0,1700.0,8836.0,10535.0,0.08608794212341309
417,4.0,1800.0,9508.0,11307.0,0.10392618179321289
418,4.0,1900.0,10144.0,12043.0,0.1046910285949707
419,4.0,2000.0,10864.0,12863.0,0.1168060302734375
420,4.0,2100.0,11456.0,13555.0,0.11111712455749512
421,4.0,2200.0,11940.0,14139.0,0.11394691467285156
422,4.0,2300.0,12512.0,14811.0,0.14038300514221191
423,4.0,2400.0,13040.0,15439.0,0.1418309211730957
424,4.0,2500.0,13652.0,16151.0,0.14871907234191895
425,4.0,2600.0,14260.0,16859.0,0.15857911109924316
426,4.0,2700.0,14840.0,17539.0,0.16515612602233887
427,4.0,2800.0,15488.0,18287.0,0.1624898910522461
428,4.0,2900.0,16120.0,19019.0,0.22691583633422852
429,4.0,3000.0,16828.0,19827.0,0.39873623847961426
430,4.0,3100.0,17528.0,20627.0,0.22964692115783691
431,4.0,3200.0,18112.0,21311.0,0.23047494888305664
432,4.0,3300.0,18728.0,22027.0,0.2672419548034668
433,4.0,3400.0,19372.0,22771.0,0.3150489330291748
434,4.0,3500.0,20064.0,23563.0,0.282459020614624
435,4.0,3600.0,20816.0,24415.0,0.28791189193725586
436,4.0,3700.0,21468.0,25167.0,0.272554874420166
437,4.0,3800.0,22188.0,25987.0,0.297914981842041
438,4.0,3900.0,22940.0,26839.0,0.2623879909515381
439,4.0,4000.0,23728.0,27727.0,0.3308401107788086
440,4.0,4100.0,24584.0,28683.0,0.3072679042816162
441,4.0,4200.0,25012.0,29211.0,0.2735726833343506
442,4.0,4300.0,25528.0,29827.0,0.2562599182128906
443,4.0,4400.0,26080.0,30479.0,0.272960901260376
444,4.0,4500.0,26660.0,31159.0,0.32224273681640625
445,4.0,4600.0,27324.0,31923.0,0.3201107978820801
446,4.0,4700.0,27860.0,32559.0,0.32560205459594727
447,4.0,4800.0,28480.0,33279.0,0.3819749355316162
448,4.0,4900.0,29124.0,34023.0,0.32332682609558105
449,4.0,5000.0,29804.0,34803.0,0.31839513778686523
450,4.0,5100.0,30540.0,35639.0,0.3438999652862549
451,4.0,5200.0,31120.0,36319.0,0.44887709617614746
452,4.0,5300.0,31720.0,37019.0,0.37158799171447754
453,4.0,5400.0,32380.0,37779.0,0.6549582481384277
454,4.0,5500.0,33052.0,38551.0,0.9845678806304932
455,4.0,5600.0,33776.0,39375.0,0.5385069847106934
456,4.0,5700.0,34452.0,40151.0,0.4808788299560547
457,4.0,5800.0,35140.0,40939.0,0.49573397636413574
458,4.0,5900.0,35908.0,41807.0,0.49063920974731445
459,4.0,6000.0,36656.0,42655.0,0.4523749351501465
460,4.0,6100.0,37472.0,43571.0,0.45262885093688965
461,4.0,6200.0,38156.0,44355.0,0.5099530220031738
462,4.0,6300.0,38740.0,45039.0,0.4753608703613281
463,4.0,6400.0,39424.0,45823.0,0.478071928024292
464,4.0,6500.0,40040.0,46539.0,0.49474310874938965
465,4.0,6600.0,40756.0,47355.0,0.5332779884338379
466,4.0,6700.0,41460.0,48159.0,0.46332693099975586
467,4.0,6800.0,42144.0,48943.0,0.5275230407714844
468,4.0,6900.0,42896.0,49795.0,0.46941494941711426
469,4.0,7000.0,43628.0,50627.0,0.5200169086456299
470,4.0,7100.0,44440.0,51539.0,0.49783897399902344
471,4.0,7200.0,45232.0,52431.0,0.5008556842803955
472,4.0,7300.0,45908.0,53207.0,0.521190881729126
473,4.0,7400.0,46636.0,54035.0,0.6772239208221436
474,4.0,7500.0,47376.0,54875.0,0.5999300479888916
475,4.0,7600.0,48176.0,55775.0,0.658200740814209
476,4.0,7700.0,49016.0,56715.0,0.5588479042053223
477,4.0,7800.0,49780.0,57579.0,0.6500909328460693
478,4.0,7900.0,50600.0,58499.0,0.5723268985748291
479,4.0,8000.0,51456.0,59455.0,0.8550419807434082
480,4.0,8100.0,52336.0,60435.0,0.9985902309417725
481,4.0,8200.0,53268.0,61467.0,0.705028772354126
482,4.0,8300.0,53704.0,62003.0,0.8554491996765137
483,4.0,8400.0,54224.0,62623.0,1.6879899501800537
484,4.0,8500.0,54772.0,63271.0,0.6911249160766602
485,4.0,8600.0,55356.0,63955.0,0.6900808811187744
486,4.0,8700.0,56028.0,64727.0,0.8011667728424072
487,4.0,8800.0,56560.0,65359.0,0.6803340911865234
488,4.0,8900.0,57172.0,66071.0,0.6781680583953857
489,4.0,9000.0,57820.0,66819.0,0.665640115737915
490,4.0,9100.0,58500.0,67599.0,0.738804817199707
491,4.0,9200.0,59248.0,68447.0,0.8556008338928223
492,4.0,9300.0,59812.0,69111.0,0.750805139541626
493,4.0,9400.0,60420.0,69819.0,0.8130252361297607
494,4.0,9500.0,61076.0,70575.0,0.6918656826019287
495,4.0,9600.0,61760.0,71359.0,0.6985330581665039
496,4.0,9700.0,62476.0,72175.0,0.9573266506195068
497,4.0,9800.0,63148.0,72947.0,0.7984902858734131
498,4.0,9900.0,63840.0,73739.0,0.8707902431488037
499,4.0,10000.0,64608.0,74607.0,0.7624938488006592
500,5.0,100.0,316.0,415.0,0.003906965255737305
501,5.0,200.0,732.0,931.0,0.011929035186767578
502,5.0,300.0,1180.0,1479.0,0.010579824447631836
503,5.0,400.0,1664.0,2063.0,0.015404939651489258
504,5.0,500.0,2216.0,2715.0,0.023923158645629883
505,5.0,600.0,2660.0,3259.0,0.03487896919250488
506,5.0,700.0,3172.0,3871.0,0.04479527473449707
507,5.0,800.0,3728.0,4527.0,0.08594298362731934
508,5.0,900.0,4304.0,5203.0,0.06949305534362793
509,5.0,1000.0,4932.0,5931.0,0.06956911087036133
510,5.0,1100.0,5420.0,6519.0,0.09942293167114258
511,5.0,1200.0,5920.0,7119.0,0.0780479907989502
512,5.0,1300.0,6480.0,7779.0,0.0937497615814209
513,5.0,1400.0,7044.0,8443.0,0.0913839340209961
514,5.0,1500.0,7664.0,9163.0,0.1073751449584961
515,5.0,1600.0,8256.0,9855.0,0.1079561710357666
516,5.0,1700.0,8836.0,10535.0,0.13145685195922852
517,5.0,1800.0,9508.0,11307.0,0.12339115142822266
518,5.0,1900.0,10144.0,12043.0,0.12948203086853027
519,5.0,2000.0,10864.0,12863.0,0.13226008415222168
520,5.0,2100.0,11456.0,13555.0,0.14851784706115723
521,5.0,2200.0,11940.0,14139.0,0.17737698554992676
522,5.0,2300.0,12512.0,14811.0,0.16850805282592773
523,5.0,2400.0,13040.0,15439.0,0.2617061138153076
524,5.0,2500.0,13652.0,16151.0,0.17084717750549316
525,5.0,2600.0,14260.0,16859.0,0.18006086349487305
526,5.0,2700.0,14840.0,17539.0,0.20256686210632324
527,5.0,2800.0,15488.0,18287.0,0.20885300636291504
528,5.0,2900.0,16120.0,19019.0,0.18877196311950684
529,5.0,3000.0,16828.0,19827.0,0.18660879135131836
530,5.0,3100.0,17528.0,20627.0,0.19193124771118164
531,5.0,3200.0,18112.0,21311.0,0.21117711067199707
532,5.0,3300.0,18728.0,22027.0,0.19234085083007812
533,5.0,3400.0,19372.0,22771.0,0.25102710723876953
534,5.0,3500.0,20064.0,23563.0,0.2244420051574707
535,5.0,3600.0,20816.0,24415.0,0.24338006973266602
536,5.0,3700.0,21468.0,25167.0,0.24574995040893555
537,5.0,3800.0,22188.0,25987.0,0.24060606956481934
538,5.0,3900.0,22940.0,26839.0,0.2564570903778076
539,5.0,4000.0,23728.0,27727.0,0.2567577362060547
540,5.0,4100.0,24584.0,28683.0,0.3131229877471924
541,5.0,4200.0,25012.0,29211.0,0.27796411514282227
542,5.0,4300.0,25528.0,29827.0,0.29001808166503906
543,5.0,4400.0,26080.0,30479.0,0.2796468734741211
544,5.0,4500.0,26660.0,31159.0,0.2941129207611084
545,5.0,4600.0,27324.0,31923.0,0.3059520721435547
546,5.0,4700.0,27860.0,32559.0,0.2850167751312256
547,5.0,4800.0,28480.0,33279.0,0.6476089954376221
548,5.0,4900.0,29124.0,34023.0,0.3135721683502197
549,5.0,5000.0,29804.0,34803.0,0.34966015815734863
550,5.0,5100.0,30540.0,35639.0,0.3215200901031494
551,5.0,5200.0,31120.0,36319.0,0.3563578128814697
552,5.0,5300.0,31720.0,37019.0,0.358701229095459
553,5.0,5400.0,32380.0,37779.0,0.37390780448913574
554,5.0,5500.0,33052.0,38551.0,0.3816368579864502
555,5.0,5600.0,33776.0,39375.0,0.3732590675354004
556,5.0,5700.0,34452.0,40151.0,0.39874696731567383
557,5.0,5800.0,35140.0,40939.0,0.43816089630126953
558,5.0,5900.0,35908.0,41807.0,0.3819389343261719
559,5.0,6000.0,36656.0,42655.0,0.41881299018859863
560,5.0,6100.0,37472.0,43571.0,0.4092071056365967
561,5.0,6200.0,38156.0,44355.0,0.41425371170043945
562,5.0,6300.0,38740.0,45039.0,0.42467188835144043
563,5.0,6400.0,39424.0,45823.0,0.40463876724243164
564,5.0,6500.0,40040.0,46539.0,0.44516992568969727
565,5.0,6600.0,40756.0,47355.0,0.4289278984069824
566,5.0,6700.0,41460.0,48159.0,0.4352989196777344
567,5.0,6800.0,42144.0,48943.0,0.44159388542175293
568,5.0,6900.0,42896.0,49795.0,0.502810001373291
569,5.0,7000.0,43628.0,50627.0,0.48463916778564453
570,5.0,7100.0,44440.0,51539.0,0.5124132633209229
571,5.0,7200.0,45232.0,52431.0,0.49385881423950195
572,5.0,7300.0,45908.0,53207.0,0.4962899684906006
573,5.0,7400.0,46636.0,54035.0,0.518557071685791
574,5.0,7500.0,47376.0,54875.0,0.528933048248291
575,5.0,7600.0,48176.0,55775.0,0.5779440402984619
576,5.0,7700.0,49016.0,56715.0,0.5310919284820557
577,5.0,7800.0,49780.0,57579.0,0.5426120758056641
578,5.0,7900.0,50600.0,58499.0,0.5372331142425537
579,5.0,8000.0,51456.0,59455.0,0.5599448680877686
580,5.0,8100.0,52336.0,60435.0,0.5772416591644287
581,5.0,8200.0,53268.0,61467.0,0.5898828506469727
582,5.0,8300.0,53704.0,62003.0,0.5848171710968018
583,5.0,8400.0,54224.0,62623.0,0.5919008255004883
584,5.0,8500.0,54772.0,63271.0,0.5940158367156982
585,5.0,8600.0,55356.0,63955.0,0.5966789722442627
586,5.0,8700.0,56028.0,64727.0,0.5993959903717041
587,5.0,8800.0,56560.0,65359.0,0.6248960494995117
588,5.0,8900.0,57172.0,66071.0,0.6390810012817383
589,5.0,9000.0,57820.0,66819.0,0.6455512046813965
590,5.0,9100.0,58500.0,67599.0,0.6480240821838379
591,5.0,9200.0,59248.0,68447.0,0.6518630981445312
592,5.0,9300.0,59812.0,69111.0,0.7447981834411621
593,5.0,9400.0,60420.0,69819.0,0.6530790328979492
594,5.0,9500.0,61076.0,70575.0,0.6692917346954346
595,5.0,9600.0,61760.0,71359.0,0.679487943649292
596,5.0,9700.0,62476.0,72175.0,0.6920740604400635
597,5.0,9800.0,63148.0,72947.0,0.6927998065948486
598,5.0,9900.0,63840.0,73739.0,0.6951389312744141
599,5.0,10000.0,64608.0,74607.0,0.718425989151001
600,6.0,100.0,316.0,415.0,0.003899812698364258
601,6.0,200.0,732.0,931.0,0.008805036544799805
602,6.0,300.0,1180.0,1479.0,0.011021852493286133
603,6.0,400.0,1664.0,2063.0,0.015707015991210938
604,6.0,500.0,2216.0,2715.0,0.023005247116088867
605,6.0,600.0,2660.0,3259.0,0.03176093101501465
606,6.0,700.0,3172.0,3871.0,0.03400015830993652
607,6.0,800.0,3728.0,4527.0,0.03982210159301758
608,6.0,900.0,4304.0,5203.0,0.04557013511657715
609,6.0,1000.0,4932.0,5931.0,0.052052974700927734
610,6.0,1100.0,5420.0,6519.0,0.060378074645996094
611,6.0,1200.0,5920.0,7119.0,0.065277099609375
612,6.0,1300.0,6480.0,7779.0,0.0733797550201416
613,6.0,1400.0,7044.0,8443.0,0.09383678436279297
614,6.0,1500.0,7664.0,9163.0,0.08256888389587402
615,6.0,1600.0,8256.0,9855.0,0.0917661190032959
616,6.0,1700.0,8836.0,10535.0,0.10993671417236328
617,6.0,1800.0,9508.0,11307.0,0.10617804527282715
618,6.0,1900.0,10144.0,12043.0,0.11098599433898926
619,6.0,2000.0,10864.0,12863.0,0.1105048656463623
620,6.0,2100.0,11456.0,13555.0,0.1306002140045166
621,6.0,2200.0,11940.0,14139.0,0.13273906707763672
622,6.0,2300.0,12512.0,14811.0,0.14179277420043945
623,6.0,2400.0,13040.0,15439.0,0.1710968017578125
624,6.0,2500.0,13652.0,16151.0,0.16203689575195312
625,6.0,2600.0,14260.0,16859.0,0.15764093399047852
626,6.0,2700.0,14840.0,17539.0,0.16168570518493652
627,6.0,2800.0,15488.0,18287.0,0.17979812622070312
628,6.0,2900.0,16120.0,19019.0,0.17232012748718262
629,6.0,3000.0,16828.0,19827.0,0.18560385704040527
630,6.0,3100.0,17528.0,20627.0,0.20028090476989746
631,6.0,3200.0,18112.0,21311.0,0.18827295303344727
632,6.0,3300.0,18728.0,22027.0,0.20885896682739258
633,6.0,3400.0,19372.0,22771.0,0.22347712516784668
634,6.0,3500.0,20064.0,23563.0,0.22426176071166992
635,6.0,3600.0,20816.0,24415.0,0.2416398525238037
636,6.0,3700.0,21468.0,25167.0,0.24438786506652832
637,6.0,3800.0,22188.0,25987.0,0.2544710636138916
638,6.0,3900.0,22940.0,26839.0,0.26178503036499023
639,6.0,4000.0,23728.0,27727.0,0.2567610740661621
640,6.0,4100.0,24584.0,28683.0,0.28341174125671387
641,6.0,4200.0,25012.0,29211.0,0.29432177543640137
642,6.0,4300.0,25528.0,29827.0,0.2804431915283203
643,6.0,4400.0,26080.0,30479.0,0.30611205101013184
644,6.0,4500.0,26660.0,31159.0,0.3096601963043213
645,6.0,4600.0,27324.0,31923.0,0.3019111156463623
646,6.0,4700.0,27860.0,32559.0,0.32810401916503906
647,6.0,4800.0,28480.0,33279.0,0.3345956802368164
648,6.0,4900.0,29124.0,34023.0,0.32463788986206055
649,6.0,5000.0,29804.0,34803.0,0.3441159725189209
650,6.0,5100.0,30540.0,35639.0,0.4491860866546631
651,6.0,5200.0,31120.0,36319.0,0.3704109191894531
652,6.0,5300.0,31720.0,37019.0,0.37059712409973145
653,6.0,5400.0,32380.0,37779.0,0.36580395698547363
654,6.0,5500.0,33052.0,38551.0,0.3820052146911621
655,6.0,5600.0,33776.0,39375.0,0.3965179920196533
656,6.0,5700.0,34452.0,40151.0,0.4019031524658203
657,6.0,5800.0,35140.0,40939.0,0.39769601821899414
658,6.0,5900.0,35908.0,41807.0,0.41498494148254395
659,6.0,6000.0,36656.0,42655.0,0.41636180877685547
660,6.0,6100.0,37472.0,43571.0,0.42556166648864746
661,6.0,6200.0,38156.0,44355.0,0.44562506675720215
662,6.0,6300.0,38740.0,45039.0,0.4416971206665039
663,6.0,6400.0,39424.0,45823.0,0.5635280609130859
664,6.0,6500.0,40040.0,46539.0,0.46842098236083984
665,6.0,6600.0,40756.0,47355.0,0.44283604621887207
666,6.0,6700.0,41460.0,48159.0,0.544428825378418
667,6.0,6800.0,42144.0,48943.0,0.464184045791626
668,6.0,6900.0,42896.0,49795.0,0.4741940498352051
669,6.0,7000.0,43628.0,50627.0,0.48049306869506836
670,6.0,7100.0,44440.0,51539.0,0.5052049160003662
671,6.0,7200.0,45232.0,52431.0,0.5177152156829834
672,6.0,7300.0,45908.0,53207.0,0.5227582454681396
673,6.0,7400.0,46636.0,54035.0,0.5138370990753174
674,6.0,7500.0,47376.0,54875.0,0.5635650157928467
675,6.0,7600.0,48176.0,55775.0,0.537229061126709
676,6.0,7700.0,49016.0,56715.0,0.5396220684051514
677,6.0,7800.0,49780.0,57579.0,0.5608787536621094
678,6.0,7900.0,50600.0,58499.0,0.7622091770172119
679,6.0,8000.0,51456.0,59455.0,0.6445608139038086
680,6.0,8100.0,52336.0,60435.0,0.5678777694702148
681,6.0,8200.0,53268.0,61467.0,0.6005110740661621
682,6.0,8300.0,53704.0,62003.0,0.6107168197631836
683,6.0,8400.0,54224.0,62623.0,0.5978429317474365
684,6.0,8500.0,54772.0,63271.0,0.6221909523010254
685,6.0,8600.0,55356.0,63955.0,0.6219997406005859
686,6.0,8700.0,56028.0,64727.0,0.6411681175231934
687,6.0,8800.0,56560.0,65359.0,0.8093550205230713
688,6.0,8900.0,57172.0,66071.0,0.7282512187957764
689,6.0,9000.0,57820.0,66819.0,0.641261100769043
690,6.0,9100.0,58500.0,67599.0,0.6839520931243896
691,6.0,9200.0,59248.0,68447.0,0.6514630317687988
692,6.0,9300.0,59812.0,69111.0,0.683373212814331
693,6.0,9400.0,60420.0,69819.0,0.6960430145263672
694,6.0,9500.0,61076.0,70575.0,0.7031970024108887
695,6.0,9600.0,61760.0,71359.0,0.6761548519134521
696,6.0,9700.0,62476.0,72175.0,0.6925890445709229
697,6.0,9800.0,63148.0,72947.0,0.6907110214233398
698,6.0,9900.0,63840.0,73739.0,0.6892039775848389
699,6.0,10000.0,64608.0,74607.0,0.7182378768920898
700,7.0,100.0,316.0,415.0,0.0038640499114990234
701,7.0,200.0,732.0,931.0,0.0066869258880615234
702,7.0,300.0,1180.0,1479.0,0.014301776885986328
703,7.0,400.0,1664.0,2063.0,0.022543907165527344
704,7.0,500.0,2216.0,2715.0,0.03853011131286621
705,7.0,600.0,2660.0,3259.0,0.03535819053649902
706,7.0,700.0,3172.0,3871.0,0.04201388359069824
707,7.0,800.0,3728.0,4527.0,0.04742598533630371
708,7.0,900.0,4304.0,5203.0,0.04515218734741211
709,7.0,1000.0,4932.0,5931.0,0.052143096923828125
710,7.0,1100.0,5420.0,6519.0,0.0606689453125
711,7.0,1200.0,5920.0,7119.0,0.06674623489379883
712,7.0,1300.0,6480.0,7779.0,0.07033991813659668
713,7.0,1400.0,7044.0,8443.0,0.08208489418029785
714,7.0,1500.0,7664.0,9163.0,0.08718991279602051
715,7.0,1600.0,8256.0,9855.0,0.09517073631286621
716,7.0,1700.0,8836.0,10535.0,0.10317492485046387
717,7.0,1800.0,9508.0,11307.0,0.11063313484191895
718,7.0,1900.0,10144.0,12043.0,0.11519694328308105
719,7.0,2000.0,10864.0,12863.0,0.11492300033569336
720,7.0,2100.0,11456.0,13555.0,0.12976813316345215
721,7.0,2200.0,11940.0,14139.0,0.13628602027893066
722,7.0,2300.0,12512.0,14811.0,0.13746309280395508
723,7.0,2400.0,13040.0,15439.0,0.1444408893585205
724,7.0,2500.0,13652.0,16151.0,0.15259885787963867
725,7.0,2600.0,14260.0,16859.0,0.15732121467590332
726,7.0,2700.0,14840.0,17539.0,0.16599798202514648
727,7.0,2800.0,15488.0,18287.0,0.17264103889465332
728,7.0,2900.0,16120.0,19019.0,0.1843118667602539
729,7.0,3000.0,16828.0,19827.0,0.18659687042236328
730,7.0,3100.0,17528.0,20627.0,0.18198609352111816
731,7.0,3200.0,18112.0,21311.0,0.20305204391479492
732,7.0,3300.0,18728.0,22027.0,0.20924615859985352
733,7.0,3400.0,19372.0,22771.0,0.2198948860168457
734,7.0,3500.0,20064.0,23563.0,0.21503424644470215
735,7.0,3600.0,20816.0,24415.0,0.22411179542541504
736,7.0,3700.0,21468.0,25167.0,0.2356259822845459
737,7.0,3800.0,22188.0,25987.0,0.250216007232666
738,7.0,3900.0,22940.0,26839.0,0.2512378692626953
739,7.0,4000.0,23728.0,27727.0,0.2624220848083496
740,7.0,4100.0,24584.0,28683.0,0.2777252197265625
741,7.0,4200.0,25012.0,29211.0,0.2938346862792969
742,7.0,4300.0,25528.0,29827.0,0.27589988708496094
743,7.0,4400.0,26080.0,30479.0,0.2972531318664551
744,7.0,4500.0,26660.0,31159.0,0.3149831295013428
745,7.0,4600.0,27324.0,31923.0,0.4077439308166504
746,7.0,4700.0,27860.0,32559.0,0.3164360523223877
747,7.0,4800.0,28480.0,33279.0,0.3134908676147461
748,7.0,4900.0,29124.0,34023.0,0.3240780830383301
749,7.0,5000.0,29804.0,34803.0,0.32628297805786133
750,7.0,5100.0,30540.0,35639.0,0.3321108818054199
751,7.0,5200.0,31120.0,36319.0,0.33109498023986816
752,7.0,5300.0,31720.0,37019.0,0.34638285636901855
753,7.0,5400.0,32380.0,37779.0,0.3652617931365967
754,7.0,5500.0,33052.0,38551.0,0.3655669689178467
755,7.0,5600.0,33776.0,39375.0,0.38423895835876465
756,7.0,5700.0,34452.0,40151.0,0.4131138324737549
757,7.0,5800.0,35140.0,40939.0,0.4116780757904053
758,7.0,5900.0,35908.0,41807.0,0.4080939292907715
759,7.0,6000.0,36656.0,42655.0,0.45110607147216797
760,7.0,6100.0,37472.0,43571.0,0.4004487991333008
761,7.0,6200.0,38156.0,44355.0,0.42221593856811523
762,7.0,6300.0,38740.0,45039.0,0.4189469814300537
763,7.0,6400.0,39424.0,45823.0,0.42771291732788086
764,7.0,6500.0,40040.0,46539.0,0.45356106758117676
765,7.0,6600.0,40756.0,47355.0,0.519989013671875
766,7.0,6700.0,41460.0,48159.0,0.45450305938720703
767,7.0,6800.0,42144.0,48943.0,0.47226595878601074
768,7.0,6900.0,42896.0,49795.0,0.47072911262512207
769,7.0,7000.0,43628.0,50627.0,0.5207860469818115
770,7.0,7100.0,44440.0,51539.0,0.522968053817749
771,7.0,7200.0,45232.0,52431.0,0.5103070735931396
772,7.0,7300.0,45908.0,53207.0,0.5175533294677734
773,7.0,7400.0,46636.0,54035.0,0.533128023147583
774,7.0,7500.0,47376.0,54875.0,0.5392429828643799
775,7.0,7600.0,48176.0,55775.0,0.5382978916168213
776,7.0,7700.0,49016.0,56715.0,0.5479409694671631
777,7.0,7800.0,49780.0,57579.0,0.5709171295166016
778,7.0,7900.0,50600.0,58499.0,0.5622131824493408
779,7.0,8000.0,51456.0,59455.0,0.5659949779510498
780,7.0,8100.0,52336.0,60435.0,0.5949282646179199
781,7.0,8200.0,53268.0,61467.0,0.5915079116821289
782,7.0,8300.0,53704.0,62003.0,0.5939521789550781
783,7.0,8400.0,54224.0,62623.0,0.6126129627227783
784,7.0,8500.0,54772.0,63271.0,0.6004817485809326
785,7.0,8600.0,55356.0,63955.0,0.6249988079071045
786,7.0,8700.0,56028.0,64727.0,0.631432056427002
787,7.0,8800.0,56560.0,65359.0,0.6808750629425049
788,7.0,8900.0,57172.0,66071.0,0.7926628589630127
789,7.0,9000.0,57820.0,66819.0,0.6457648277282715
790,7.0,9100.0,58500.0,67599.0,0.6319980621337891
791,7.0,9200.0,59248.0,68447.0,0.7122170925140381
792,7.0,9300.0,59812.0,69111.0,0.7317759990692139
793,7.0,9400.0,60420.0,69819.0,0.6646831035614014
794,7.0,9500.0,61076.0,70575.0,0.6822881698608398
795,7.0,9600.0,61760.0,71359.0,0.6944410800933838
796,7.0,9700.0,62476.0,72175.0,0.7018680572509766
797,7.0,9800.0,63148.0,72947.0,0.6990237236022949
798,7.0,9900.0,63840.0,73739.0,0.7191619873046875
799,7.0,10000.0,64608.0,74607.0,0.7652850151062012
800,8.0,100.0,316.0,415.0,0.0030829906463623047
801,8.0,200.0,732.0,931.0,0.008807897567749023
802,8.0,300.0,1180.0,1479.0,0.013460874557495117
803,8.0,400.0,1664.0,2063.0,0.030903100967407227
804,8.0,500.0,2216.0,2715.0,0.026051998138427734
805,8.0,600.0,2660.0,3259.0,0.03920888900756836
806,8.0,700.0,3172.0,3871.0,0.033995866775512695
807,8.0,800.0,3728.0,4527.0,0.044499874114990234
808,8.0,900.0,4304.0,5203.0,0.04599475860595703
809,8.0,1000.0,4932.0,5931.0,0.07567906379699707
810,8.0,1100.0,5420.0,6519.0,0.06661033630371094
811,8.0,1200.0,5920.0,7119.0,0.06294703483581543
812,8.0,1300.0,6480.0,7779.0,0.07837891578674316
813,8.0,1400.0,7044.0,8443.0,0.10247302055358887
814,8.0,1500.0,7664.0,9163.0,0.08964204788208008
815,8.0,1600.0,8256.0,9855.0,0.12940096855163574
816,8.0,1700.0,8836.0,10535.0,0.1412808895111084
817,8.0,1800.0,9508.0,11307.0,0.13687396049499512
818,8.0,1900.0,10144.0,12043.0,0.15149712562561035
819,8.0,2000.0,10864.0,12863.0,0.17677521705627441
820,8.0,2100.0,11456.0,13555.0,0.15226411819458008
821,8.0,2200.0,11940.0,14139.0,0.16720795631408691
822,8.0,2300.0,12512.0,14811.0,0.16143202781677246
823,8.0,2400.0,13040.0,15439.0,0.15521979331970215
824,8.0,2500.0,13652.0,16151.0,0.1772160530090332
825,8.0,2600.0,14260.0,16859.0,0.18519806861877441
826,8.0,2700.0,14840.0,17539.0,0.19609999656677246
827,8.0,2800.0,15488.0,18287.0,0.3227519989013672
828,8.0,2900.0,16120.0,19019.0,0.28547000885009766
829,8.0,3000.0,16828.0,19827.0,0.3283829689025879
830,8.0,3100.0,17528.0,20627.0,0.3138008117675781
831,8.0,3200.0,18112.0,21311.0,0.23780202865600586
832,8.0,3300.0,18728.0,22027.0,0.35583066940307617
833,8.0,3400.0,19372.0,22771.0,0.2712388038635254
834,8.0,3500.0,20064.0,23563.0,0.3114612102508545
835,8.0,3600.0,20816.0,24415.0,0.2846682071685791
836,8.0,3700.0,21468.0,25167.0,0.3033301830291748
837,8.0,3800.0,22188.0,25987.0,0.3375740051269531
838,8.0,3900.0,22940.0,26839.0,0.35620784759521484
839,8.0,4000.0,23728.0,27727.0,0.2684962749481201
840,8.0,4100.0,24584.0,28683.0,0.2803211212158203
841,8.0,4200.0,25012.0,29211.0,0.28363704681396484
842,8.0,4300.0,25528.0,29827.0,0.289247989654541
843,8.0,4400.0,26080.0,30479.0,0.2900078296661377
844,8.0,4500.0,26660.0,31159.0,0.3164081573486328
845,8.0,4600.0,27324.0,31923.0,0.2964920997619629
846,8.0,4700.0,27860.0,32559.0,0.3101530075073242
847,8.0,4800.0,28480.0,33279.0,0.3458750247955322
848,8.0,4900.0,29124.0,34023.0,0.3443470001220703
849,8.0,5000.0,29804.0,34803.0,0.3970489501953125
850,8.0,5100.0,30540.0,35639.0,0.3440818786621094
851,8.0,5200.0,31120.0,36319.0,0.3674740791320801
852,8.0,5300.0,31720.0,37019.0,0.6261281967163086
853,8.0,5400.0,32380.0,37779.0,0.5897800922393799
854,8.0,5500.0,33052.0,38551.0,0.4424722194671631
855,8.0,5600.0,33776.0,39375.0,0.4832749366760254
856,8.0,5700.0,34452.0,40151.0,0.44003725051879883
857,8.0,5800.0,35140.0,40939.0,0.44500303268432617
858,8.0,5900.0,35908.0,41807.0,0.5638000965118408
859,8.0,6000.0,36656.0,42655.0,0.6009793281555176
860,8.0,6100.0,37472.0,43571.0,0.5273559093475342
861,8.0,6200.0,38156.0,44355.0,0.4792468547821045
862,8.0,6300.0,38740.0,45039.0,0.46076297760009766
863,8.0,6400.0,39424.0,45823.0,0.48050403594970703
864,8.0,6500.0,40040.0,46539.0,0.4941089153289795
865,8.0,6600.0,40756.0,47355.0,0.5851383209228516
866,8.0,6700.0,41460.0,48159.0,0.595034122467041
867,8.0,6800.0,42144.0,48943.0,0.5742599964141846
868,8.0,6900.0,42896.0,49795.0,0.6880450248718262
869,8.0,7000.0,43628.0,50627.0,0.6210989952087402
870,8.0,7100.0,44440.0,51539.0,0.6878359317779541
871,8.0,7200.0,45232.0,52431.0,0.5887229442596436
872,8.0,7300.0,45908.0,53207.0,0.5844783782958984
873,8.0,7400.0,46636.0,54035.0,0.5924530029296875
874,8.0,7500.0,47376.0,54875.0,1.258073091506958
875,8.0,7600.0,48176.0,55775.0,0.674393892288208
876,8.0,7700.0,49016.0,56715.0,0.7236847877502441
877,8.0,7800.0,49780.0,57579.0,0.7158589363098145
878,8.0,7900.0,50600.0,58499.0,0.98439621925354
879,8.0,8000.0,51456.0,59455.0,0.797166109085083
880,8.0,8100.0,52336.0,60435.0,0.7839069366455078
881,8.0,8200.0,53268.0,61467.0,0.6638398170471191
882,8.0,8300.0,53704.0,62003.0,0.6788499355316162
883,8.0,8400.0,54224.0,62623.0,0.6033980846405029
884,8.0,8500.0,54772.0,63271.0,0.6973962783813477
885,8.0,8600.0,55356.0,63955.0,0.7996869087219238
886,8.0,8700.0,56028.0,64727.0,0.8819460868835449
887,8.0,8800.0,56560.0,65359.0,0.6502499580383301
888,8.0,8900.0,57172.0,66071.0,0.7281649112701416
889,8.0,9000.0,57820.0,66819.0,0.6636242866516113
890,8.0,9100.0,58500.0,67599.0,0.6374862194061279
891,8.0,9200.0,59248.0,68447.0,0.6570601463317871
892,8.0,9300.0,59812.0,69111.0,0.9313719272613525
893,8.0,9400.0,60420.0,69819.0,0.7845189571380615
894,8.0,9500.0,61076.0,70575.0,1.1060190200805664
895,8.0,9600.0,61760.0,71359.0,0.6907861232757568
896,8.0,9700.0,62476.0,72175.0,0.7501130104064941
897,8.0,9800.0,63148.0,72947.0,0.7198560237884521
898,8.0,9900.0,63840.0,73739.0,0.7150578498840332
899,8.0,10000.0,64608.0,74607.0,0.7183759212493896
900,9.0,100.0,316.0,415.0,0.003451824188232422
901,9.0,200.0,732.0,931.0,0.011705875396728516
902,9.0,300.0,1180.0,1479.0,0.012753009796142578
903,9.0,400.0,1664.0,2063.0,0.020406007766723633
904,9.0,500.0,2216.0,2715.0,0.025532960891723633
905,9.0,600.0,2660.0,3259.0,0.02608799934387207
906,9.0,700.0,3172.0,3871.0,0.03481698036193848
907,9.0,800.0,3728.0,4527.0,0.047508955001831055
908,9.0,900.0,4304.0,5203.0,0.04989314079284668
909,9.0,1000.0,4932.0,5931.0,0.05553007125854492
910,9.0,1100.0,5420.0,6519.0,0.06303596496582031
911,9.0,1200.0,5920.0,7119.0,0.06482887268066406
912,9.0,1300.0,6480.0,7779.0,0.07620501518249512
913,9.0,1400.0,7044.0,8443.0,0.07853507995605469
914,9.0,1500.0,7664.0,9163.0,0.08295202255249023
915,9.0,1600.0,8256.0,9855.0,0.0862729549407959
916,9.0,1700.0,8836.0,10535.0,0.09540891647338867
917,9.0,1800.0,9508.0,11307.0,0.10921907424926758
918,9.0,1900.0,10144.0,12043.0,0.11562776565551758
919,9.0,2000.0,10864.0,12863.0,0.12616705894470215
920,9.0,2100.0,11456.0,13555.0,0.12776827812194824
921,9.0,2200.0,11940.0,14139.0,0.12911176681518555
922,9.0,2300.0,12512.0,14811.0,0.14830303192138672
923,9.0,2400.0,13040.0,15439.0,0.24309396743774414
924,9.0,2500.0,13652.0,16151.0,0.20031523704528809
925,9.0,2600.0,14260.0,16859.0,0.20203185081481934
926,9.0,2700.0,14840.0,17539.0,0.24194002151489258
927,9.0,2800.0,15488.0,18287.0,0.17513132095336914
928,9.0,2900.0,16120.0,19019.0,0.19479084014892578
929,9.0,3000.0,16828.0,19827.0,0.18780112266540527
930,9.0,3100.0,17528.0,20627.0,0.23798704147338867
931,9.0,3200.0,18112.0,21311.0,0.2075951099395752
932,9.0,3300.0,18728.0,22027.0,0.20435285568237305
933,9.0,3400.0,19372.0,22771.0,0.22446990013122559
934,9.0,3500.0,20064.0,23563.0,0.2245628833770752
935,9.0,3600.0,20816.0,24415.0,0.23961210250854492
936,9.0,3700.0,21468.0,25167.0,0.2725179195404053
937,9.0,3800.0,22188.0,25987.0,0.2664811611175537
938,9.0,3900.0,22940.0,26839.0,0.26177215576171875
939,9.0,4000.0,23728.0,27727.0,0.25659894943237305
940,9.0,4100.0,24584.0,28683.0,0.2866811752319336
941,9.0,4200.0,25012.0,29211.0,0.2927131652832031
942,9.0,4300.0,25528.0,29827.0,0.28221583366394043
943,9.0,4400.0,26080.0,30479.0,0.27940821647644043
944,9.0,4500.0,26660.0,31159.0,0.3267250061035156
945,9.0,4600.0,27324.0,31923.0,0.29593920707702637
946,9.0,4700.0,27860.0,32559.0,0.30592799186706543
947,9.0,4800.0,28480.0,33279.0,0.3016786575317383
948,9.0,4900.0,29124.0,34023.0,0.31879091262817383
949,9.0,5000.0,29804.0,34803.0,0.32759904861450195
950,9.0,5100.0,30540.0,35639.0,0.3263728618621826
951,9.0,5200.0,31120.0,36319.0,0.36364078521728516
952,9.0,5300.0,31720.0,37019.0,0.34647226333618164
953,9.0,5400.0,32380.0,37779.0,0.38744091987609863
954,9.0,5500.0,33052.0,38551.0,0.3346428871154785
955,9.0,5600.0,33776.0,39375.0,0.3654818534851074
956,9.0,5700.0,34452.0,40151.0,0.3584280014038086
957,9.0,5800.0,35140.0,40939.0,0.382631778717041
958,9.0,5900.0,35908.0,41807.0,0.3641490936279297
959,9.0,6000.0,36656.0,42655.0,0.4006199836730957
960,9.0,6100.0,37472.0,43571.0,0.40343284606933594
961,9.0,6200.0,38156.0,44355.0,0.39975976943969727
962,9.0,6300.0,38740.0,45039.0,0.38797903060913086
963,9.0,6400.0,39424.0,45823.0,0.39481186866760254
964,9.0,6500.0,40040.0,46539.0,0.41420793533325195
965,9.0,6600.0,40756.0,47355.0,0.4545159339904785
966,9.0,6700.0,41460.0,48159.0,0.4451420307159424
967,9.0,6800.0,42144.0,48943.0,0.46675825119018555
968,9.0,6900.0,42896.0,49795.0,0.46172380447387695
969,9.0,7000.0,43628.0,50627.0,0.4705228805541992
970,9.0,7100.0,44440.0,51539.0,0.5881431102752686
971,9.0,7200.0,45232.0,52431.0,0.46347594261169434
972,9.0,7300.0,45908.0,53207.0,0.48514890670776367
973,9.0,7400.0,46636.0,54035.0,0.47712182998657227
974,9.0,7500.0,47376.0,54875.0,0.5192477703094482
975,9.0,7600.0,48176.0,55775.0,0.5039999485015869
976,9.0,7700.0,49016.0,56715.0,0.4900093078613281
977,9.0,7800.0,49780.0,57579.0,0.498028039932251
978,9.0,7900.0,50600.0,58499.0,0.5505542755126953
979,9.0,8000.0,51456.0,59455.0,0.531242847442627
980,9.0,8100.0,52336.0,60435.0,0.6791591644287109
981,9.0,8200.0,53268.0,61467.0,0.5451967716217041
982,9.0,8300.0,53704.0,62003.0,0.548886775970459
983,9.0,8400.0,54224.0,62623.0,0.5966131687164307
984,9.0,8500.0,54772.0,63271.0,0.5651659965515137
985,9.0,8600.0,55356.0,63955.0,0.5704789161682129
986,9.0,8700.0,56028.0,64727.0,0.6065080165863037
987,9.0,8800.0,56560.0,65359.0,0.6178061962127686
988,9.0,8900.0,57172.0,66071.0,0.5871949195861816
989,9.0,9000.0,57820.0,66819.0,0.5884747505187988
990,9.0,9100.0,58500.0,67599.0,0.6200859546661377
991,9.0,9200.0,59248.0,68447.0,0.6331350803375244
992,9.0,9300.0,59812.0,69111.0,0.6214001178741455
993,9.0,9400.0,60420.0,69819.0,0.6630241870880127
994,9.0,9500.0,61076.0,70575.0,0.7417123317718506
995,9.0,9600.0,61760.0,71359.0,0.6283378601074219
996,9.0,9700.0,62476.0,72175.0,0.6936459541320801
997,9.0,9800.0,63148.0,72947.0,0.6876208782196045
998,9.0,9900.0,63840.0,73739.0,0.6441726684570312
999,9.0,10000.0,64608.0,74607.0,0.6503150463104248
