,Trial,Size,Comparisons,Swaps,Insert duration
0,0.0,100.0,99.0,0.0,0.0013318061828613281
1,0.0,200.0,199.0,0.0,0.0014791488647460938
2,0.0,300.0,299.0,0.0,0.002864837646484375
3,0.0,400.0,399.0,0.0,0.005980968475341797
4,0.0,500.0,499.0,0.0,0.004757881164550781
5,0.0,600.0,599.0,0.0,0.005779266357421875
6,0.0,700.0,699.0,0.0,0.004662036895751953
7,0.0,800.0,799.0,0.0,0.007494926452636719
8,0.0,900.0,899.0,0.0,0.0071561336517333984
9,0.0,1000.0,999.0,0.0,0.008614778518676758
10,0.0,1100.0,1099.0,0.0,0.00933980941772461
11,0.0,1200.0,1199.0,0.0,0.007965087890625
12,0.0,1300.0,1299.0,0.0,0.010924100875854492
13,0.0,1400.0,1399.0,0.0,0.013808727264404297
14,0.0,1500.0,1499.0,0.0,0.01969003677368164
15,0.0,1600.0,1599.0,0.0,0.01524496078491211
16,0.0,1700.0,1699.0,0.0,0.0159759521484375
17,0.0,1800.0,1799.0,0.0,0.016885042190551758
18,0.0,1900.0,1899.0,0.0,0.017696857452392578
19,0.0,2000.0,1999.0,0.0,0.030983924865722656
20,0.0,2100.0,2099.0,0.0,0.04437899589538574
21,0.0,2200.0,2199.0,0.0,0.04227805137634277
22,0.0,2300.0,2299.0,0.0,0.020326852798461914
23,0.0,2400.0,2399.0,0.0,0.02383279800415039
24,0.0,2500.0,2499.0,0.0,0.02192997932434082
25,0.0,2600.0,2599.0,0.0,0.02472209930419922
26,0.0,2700.0,2699.0,0.0,0.026236772537231445
27,0.0,2800.0,2799.0,0.0,0.026587724685668945
28,0.0,2900.0,2899.0,0.0,0.03423786163330078
29,0.0,3000.0,2999.0,0.0,0.04633069038391113
30,0.0,3100.0,3099.0,0.0,0.027484893798828125
31,0.0,3200.0,3199.0,0.0,0.027747154235839844
32,0.0,3300.0,3299.0,0.0,0.026449918746948242
33,0.0,3400.0,3399.0,0.0,0.02656388282775879
34,0.0,3500.0,3499.0,0.0,0.029762983322143555
35,0.0,3600.0,3599.0,0.0,0.03384995460510254
36,0.0,3700.0,3699.0,0.0,0.031222820281982422
37,0.0,3800.0,3799.0,0.0,0.039031982421875
38,0.0,3900.0,3899.0,0.0,0.0377500057220459
39,0.0,4000.0,3999.0,0.0,0.04509902000427246
40,0.0,4100.0,4099.0,0.0,0.07169198989868164
41,0.0,4200.0,4199.0,0.0,0.05429816246032715
42,0.0,4300.0,4299.0,0.0,0.04801511764526367
43,0.0,4400.0,4399.0,0.0,0.05082893371582031
44,0.0,4500.0,4499.0,0.0,0.04069185256958008
45,0.0,4600.0,4599.0,0.0,0.039658546447753906
46,0.0,4700.0,4699.0,0.0,0.04462790489196777
47,0.0,4800.0,4799.0,0.0,0.055567026138305664
48,0.0,4900.0,4899.0,0.0,0.04510498046875
49,0.0,5000.0,4999.0,0.0,0.05840897560119629
50,0.0,5100.0,5099.0,0.0,0.05060410499572754
51,0.0,5200.0,5199.0,0.0,0.045623064041137695
52,0.0,5300.0,5299.0,0.0,0.1518871784210205
53,0.0,5400.0,5399.0,0.0,0.05221199989318848
54,0.0,5500.0,5499.0,0.0,0.062108755111694336
55,0.0,5600.0,5599.0,0.0,0.14341497421264648
56,0.0,5700.0,5699.0,0.0,0.06256294250488281
57,0.0,5800.0,5799.0,0.0,0.05240607261657715
58,0.0,5900.0,5899.0,0.0,0.056227684020996094
59,0.0,6000.0,5999.0,0.0,0.1499190330505371
60,0.0,6100.0,6099.0,0.0,0.1522841453552246
61,0.0,6200.0,6199.0,0.0,0.24635791778564453
62,0.0,6300.0,6299.0,0.0,0.204315185546875
63,0.0,6400.0,6399.0,0.0,0.20374083518981934
64,0.0,6500.0,6499.0,0.0,0.155562162399292
65,0.0,6600.0,6599.0,0.0,0.15502691268920898
66,0.0,6700.0,6699.0,0.0,0.1956629753112793
67,0.0,6800.0,6799.0,0.0,0.20429015159606934
68,0.0,6900.0,6899.0,0.0,0.19081807136535645
69,0.0,7000.0,6999.0,0.0,0.16040897369384766
70,0.0,7100.0,7099.0,0.0,0.18997979164123535
71,0.0,7200.0,7199.0,0.0,0.20495271682739258
72,0.0,7300.0,7299.0,0.0,0.1963670253753662
73,0.0,7400.0,7399.0,0.0,0.15015387535095215
74,0.0,7500.0,7499.0,0.0,0.15978097915649414
75,0.0,7600.0,7599.0,0.0,0.19144105911254883
76,0.0,7700.0,7699.0,0.0,0.23764395713806152
77,0.0,7800.0,7799.0,0.0,0.1972639560699463
78,0.0,7900.0,7899.0,0.0,0.20068788528442383
79,0.0,8000.0,7999.0,0.0,0.21022701263427734
80,0.0,8100.0,8099.0,0.0,0.15926003456115723
81,0.0,8200.0,8199.0,0.0,0.19505882263183594
82,0.0,8300.0,8299.0,0.0,0.1975691318511963
83,0.0,8400.0,8399.0,0.0,0.196746826171875
84,0.0,8500.0,8499.0,0.0,0.20453572273254395
85,0.0,8600.0,8599.0,0.0,0.23884105682373047
86,0.0,8700.0,8699.0,0.0,0.19337105751037598
87,0.0,8800.0,8799.0,0.0,0.1970052719116211
88,0.0,8900.0,8899.0,0.0,0.19836020469665527
89,0.0,9000.0,8999.0,0.0,0.19646716117858887
90,0.0,9100.0,9099.0,0.0,0.19497203826904297
91,0.0,9200.0,9199.0,0.0,0.19852685928344727
92,0.0,9300.0,9299.0,0.0,0.16365289688110352
93,0.0,9400.0,9399.0,0.0,0.19428706169128418
94,0.0,9500.0,9499.0,0.0,0.20360302925109863
95,0.0,9600.0,9599.0,0.0,0.19916486740112305
96,0.0,9700.0,9699.0,0.0,0.23720693588256836
97,0.0,9800.0,9799.0,0.0,0.2011420726776123
98,0.0,9900.0,9899.0,0.0,0.2342061996459961
99,0.0,10000.0,9999.0,0.0,0.19672608375549316
100,1.0,100.0,99.0,0.0,0.0005371570587158203
101,1.0,200.0,199.0,0.0,0.0012099742889404297
102,1.0,300.0,299.0,0.0,0.0021779537200927734
103,1.0,400.0,399.0,0.0,0.0028388500213623047
104,1.0,500.0,499.0,0.0,0.003802776336669922
105,1.0,600.0,599.0,0.0,0.005159139633178711
106,1.0,700.0,699.0,0.0,0.005395174026489258
107,1.0,800.0,799.0,0.0,0.0058269500732421875
108,1.0,900.0,899.0,0.0,0.03620100021362305
109,1.0,1000.0,999.0,0.0,0.008549928665161133
110,1.0,1100.0,1099.0,0.0,0.037240028381347656
111,1.0,1200.0,1199.0,0.0,0.03942704200744629
112,1.0,1300.0,1299.0,0.0,0.010426044464111328
113,1.0,1400.0,1399.0,0.0,0.01166677474975586
114,1.0,1500.0,1499.0,0.0,0.01357412338256836
115,1.0,1600.0,1599.0,0.0,0.044592857360839844
116,1.0,1700.0,1699.0,0.0,0.015433073043823242
117,1.0,1800.0,1799.0,0.0,0.04415416717529297
118,1.0,1900.0,1899.0,0.0,0.04188895225524902
119,1.0,2000.0,1999.0,0.0,0.04372811317443848
120,1.0,2100.0,2099.0,0.0,0.04584622383117676
121,1.0,2200.0,2199.0,0.0,0.04465198516845703
122,1.0,2300.0,2299.0,0.0,0.04740500450134277
123,1.0,2400.0,2399.0,0.0,0.05550980567932129
124,1.0,2500.0,2499.0,0.0,0.08256292343139648
125,1.0,2600.0,2599.0,0.0,0.052953243255615234
126,1.0,2700.0,2699.0,0.0,0.051384925842285156
127,1.0,2800.0,2799.0,0.0,0.05158805847167969
128,1.0,2900.0,2899.0,0.0,0.05175280570983887
129,1.0,3000.0,2999.0,0.0,0.0967569351196289
130,1.0,3100.0,3099.0,0.0,0.09298086166381836
131,1.0,3200.0,3199.0,0.0,0.061105966567993164
132,1.0,3300.0,3299.0,0.0,0.19416117668151855
133,1.0,3400.0,3399.0,0.0,0.09341192245483398
134,1.0,3500.0,3499.0,0.0,0.09261417388916016
135,1.0,3600.0,3599.0,0.0,0.09318280220031738
136,1.0,3700.0,3699.0,0.0,0.1043248176574707
137,1.0,3800.0,3799.0,0.0,0.09608101844787598
138,1.0,3900.0,3899.0,0.0,0.0905449390411377
139,1.0,4000.0,3999.0,0.0,0.0892033576965332
140,1.0,4100.0,4099.0,0.0,0.06300687789916992
141,1.0,4200.0,4199.0,0.0,0.09191393852233887
142,1.0,4300.0,4299.0,0.0,0.09079408645629883
143,1.0,4400.0,4399.0,0.0,0.09288811683654785
144,1.0,4500.0,4499.0,0.0,0.10563778877258301
145,1.0,4600.0,4599.0,0.0,0.0966489315032959
146,1.0,4700.0,4699.0,0.0,0.06472611427307129
147,1.0,4800.0,4799.0,0.0,0.09388494491577148
148,1.0,4900.0,4899.0,0.0,0.10034370422363281
149,1.0,5000.0,4999.0,0.0,0.10268497467041016
150,1.0,5100.0,5099.0,0.0,0.09958100318908691
151,1.0,5200.0,5199.0,0.0,0.10081100463867188
152,1.0,5300.0,5299.0,0.0,0.09766101837158203
153,1.0,5400.0,5399.0,0.0,0.10220003128051758
154,1.0,5500.0,5499.0,0.0,0.10019707679748535
155,1.0,5600.0,5599.0,0.0,0.13921594619750977
156,1.0,5700.0,5699.0,0.0,0.10888290405273438
157,1.0,5800.0,5799.0,0.0,0.13570499420166016
158,1.0,5900.0,5899.0,0.0,0.10205411911010742
159,1.0,6000.0,5999.0,0.0,0.1329820156097412
160,1.0,6100.0,6099.0,0.0,0.10730290412902832
161,1.0,6200.0,6199.0,0.0,0.10643196105957031
162,1.0,6300.0,6299.0,0.0,0.14191889762878418
163,1.0,6400.0,6399.0,0.0,0.10618185997009277
164,1.0,6500.0,6499.0,0.0,0.10621404647827148
165,1.0,6600.0,6599.0,0.0,0.10844635963439941
166,1.0,6700.0,6699.0,0.0,0.11505389213562012
167,1.0,6800.0,6799.0,0.0,0.11131405830383301
168,1.0,6900.0,6899.0,0.0,0.11199069023132324
169,1.0,7000.0,6999.0,0.0,0.1952352523803711
170,1.0,7100.0,7099.0,0.0,0.13980579376220703
171,1.0,7200.0,7199.0,0.0,0.14354801177978516
172,1.0,7300.0,7299.0,0.0,0.14632487297058105
173,1.0,7400.0,7399.0,0.0,0.14883828163146973
174,1.0,7500.0,7499.0,0.0,0.14471793174743652
175,1.0,7600.0,7599.0,0.0,0.14670491218566895
176,1.0,7700.0,7699.0,0.0,0.1497800350189209
177,1.0,7800.0,7799.0,0.0,0.1434648036956787
178,1.0,7900.0,7899.0,0.0,0.14943575859069824
179,1.0,8000.0,7999.0,0.0,0.14785289764404297
180,1.0,8100.0,8099.0,0.0,0.14714598655700684
181,1.0,8200.0,8199.0,0.0,0.11763787269592285
182,1.0,8300.0,8299.0,0.0,0.15021109580993652
183,1.0,8400.0,8399.0,0.0,0.20235276222229004
184,1.0,8500.0,8499.0,0.0,0.11312198638916016
185,1.0,8600.0,8599.0,0.0,0.19536399841308594
186,1.0,8700.0,8699.0,0.0,0.19460797309875488
187,1.0,8800.0,8799.0,0.0,0.23736810684204102
188,1.0,8900.0,8899.0,0.0,0.249237060546875
189,1.0,9000.0,8999.0,0.0,0.15532898902893066
190,1.0,9100.0,9099.0,0.0,0.18300294876098633
191,1.0,9200.0,9199.0,0.0,0.1949300765991211
192,1.0,9300.0,9299.0,0.0,0.16167497634887695
193,1.0,9400.0,9399.0,0.0,0.08155608177185059
194,1.0,9500.0,9499.0,0.0,0.08542108535766602
195,1.0,9600.0,9599.0,0.0,0.08316802978515625
196,1.0,9700.0,9699.0,0.0,0.10112595558166504
197,1.0,9800.0,9799.0,0.0,0.10891604423522949
198,1.0,9900.0,9899.0,0.0,0.10299801826477051
199,1.0,10000.0,9999.0,0.0,0.08005023002624512
200,2.0,100.0,99.0,0.0,0.0004968643188476562
201,2.0,200.0,199.0,0.0,0.0014770030975341797
202,2.0,300.0,299.0,0.0,0.0024437904357910156
203,2.0,400.0,399.0,0.0,0.0025069713592529297
204,2.0,500.0,499.0,0.0,0.0038499832153320312
205,2.0,600.0,599.0,0.0,0.004787921905517578
206,2.0,700.0,699.0,0.0,0.00424504280090332
207,2.0,800.0,799.0,0.0,0.00855112075805664
208,2.0,900.0,899.0,0.0,0.007475852966308594
209,2.0,1000.0,999.0,0.0,0.011174201965332031
210,2.0,1100.0,1099.0,0.0,0.012523889541625977
211,2.0,1200.0,1199.0,0.0,0.009602069854736328
212,2.0,1300.0,1299.0,0.0,0.01003122329711914
213,2.0,1400.0,1399.0,0.0,0.010999917984008789
214,2.0,1500.0,1499.0,0.0,0.015093088150024414
215,2.0,1600.0,1599.0,0.0,0.011394023895263672
216,2.0,1700.0,1699.0,0.0,0.016681909561157227
217,2.0,1800.0,1799.0,0.0,0.010972023010253906
218,2.0,1900.0,1899.0,0.0,0.013005733489990234
219,2.0,2000.0,1999.0,0.0,0.01572418212890625
220,2.0,2100.0,2099.0,0.0,0.017631053924560547
221,2.0,2200.0,2199.0,0.0,0.0209200382232666
222,2.0,2300.0,2299.0,0.0,0.02810215950012207
223,2.0,2400.0,2399.0,0.0,0.020299196243286133
224,2.0,2500.0,2499.0,0.0,0.021461009979248047
225,2.0,2600.0,2599.0,0.0,0.025104999542236328
226,2.0,2700.0,2699.0,0.0,0.026408910751342773
227,2.0,2800.0,2799.0,0.0,0.02732396125793457
228,2.0,2900.0,2899.0,0.0,0.07335901260375977
229,2.0,3000.0,2999.0,0.0,0.03081488609313965
230,2.0,3100.0,3099.0,0.0,0.031157970428466797
231,2.0,3200.0,3199.0,0.0,0.031031131744384766
232,2.0,3300.0,3299.0,0.0,0.03294205665588379
233,2.0,3400.0,3399.0,0.0,0.03567004203796387
234,2.0,3500.0,3499.0,0.0,0.032099008560180664
235,2.0,3600.0,3599.0,0.0,0.03495597839355469
236,2.0,3700.0,3699.0,0.0,0.07419800758361816
237,2.0,3800.0,3799.0,0.0,0.03880906105041504
238,2.0,3900.0,3899.0,0.0,0.04158425331115723
239,2.0,4000.0,3999.0,0.0,0.07045888900756836
240,2.0,4100.0,4099.0,0.0,0.0425872802734375
241,2.0,4200.0,4199.0,0.0,0.038713932037353516
242,2.0,4300.0,4299.0,0.0,0.038990020751953125
243,2.0,4400.0,4399.0,0.0,0.03885388374328613
244,2.0,4500.0,4499.0,0.0,0.032804012298583984
245,2.0,4600.0,4599.0,0.0,0.03865218162536621
246,2.0,4700.0,4699.0,0.0,0.04159188270568848
247,2.0,4800.0,4799.0,0.0,0.1321258544921875
248,2.0,4900.0,4899.0,0.0,0.08661866188049316
249,2.0,5000.0,4999.0,0.0,0.052642822265625
250,2.0,5100.0,5099.0,0.0,0.062283992767333984
251,2.0,5200.0,5199.0,0.0,0.05004692077636719
252,2.0,5300.0,5299.0,0.0,0.05036425590515137
253,2.0,5400.0,5399.0,0.0,0.09130120277404785
254,2.0,5500.0,5499.0,0.0,0.04850506782531738
255,2.0,5600.0,5599.0,0.0,0.04845309257507324
256,2.0,5700.0,5699.0,0.0,0.047067880630493164
257,2.0,5800.0,5799.0,0.0,0.05535101890563965
258,2.0,5900.0,5899.0,0.0,0.0592501163482666
259,2.0,6000.0,5999.0,0.0,0.058589935302734375
260,2.0,6100.0,6099.0,0.0,0.06342601776123047
261,2.0,6200.0,6199.0,0.0,0.05273795127868652
262,2.0,6300.0,6299.0,0.0,0.05483269691467285
263,2.0,6400.0,6399.0,0.0,0.05555295944213867
264,2.0,6500.0,6499.0,0.0,0.05647993087768555
265,2.0,6600.0,6599.0,0.0,0.05124092102050781
266,2.0,6700.0,6699.0,0.0,0.05421781539916992
267,2.0,6800.0,6799.0,0.0,0.05664515495300293
268,2.0,6900.0,6899.0,0.0,0.06457400321960449
269,2.0,7000.0,6999.0,0.0,0.07160806655883789
270,2.0,7100.0,7099.0,0.0,0.053205013275146484
271,2.0,7200.0,7199.0,0.0,0.0655679702758789
272,2.0,7300.0,7299.0,0.0,0.07471895217895508
273,2.0,7400.0,7399.0,0.0,0.060430049896240234
274,2.0,7500.0,7499.0,0.0,0.11966276168823242
275,2.0,7600.0,7599.0,0.0,0.11032891273498535
276,2.0,7700.0,7699.0,0.0,0.07669687271118164
277,2.0,7800.0,7799.0,0.0,0.0773162841796875
278,2.0,7900.0,7899.0,0.0,0.07543706893920898
279,2.0,8000.0,7999.0,0.0,0.07010412216186523
280,2.0,8100.0,8099.0,0.0,0.0712430477142334
281,2.0,8200.0,8199.0,0.0,0.06727004051208496
282,2.0,8300.0,8299.0,0.0,0.06871294975280762
283,2.0,8400.0,8399.0,0.0,0.07178401947021484
284,2.0,8500.0,8499.0,0.0,0.07260632514953613
285,2.0,8600.0,8599.0,0.0,0.08486819267272949
286,2.0,8700.0,8699.0,0.0,0.08669686317443848
287,2.0,8800.0,8799.0,0.0,0.08562207221984863
288,2.0,8900.0,8899.0,0.0,0.06796908378601074
289,2.0,9000.0,8999.0,0.0,0.0882101058959961
290,2.0,9100.0,9099.0,0.0,0.08152413368225098
291,2.0,9200.0,9199.0,0.0,0.08777332305908203
292,2.0,9300.0,9299.0,0.0,0.0894310474395752
293,2.0,9400.0,9399.0,0.0,0.1122751235961914
294,2.0,9500.0,9499.0,0.0,0.07308268547058105
295,2.0,9600.0,9599.0,0.0,0.07319283485412598
296,2.0,9700.0,9699.0,0.0,0.08279609680175781
297,2.0,9800.0,9799.0,0.0,0.08803725242614746
298,2.0,9900.0,9899.0,0.0,0.0868217945098877
299,2.0,10000.0,9999.0,0.0,0.07608723640441895
300,3.0,100.0,99.0,0.0,0.0006678104400634766
301,3.0,200.0,199.0,0.0,0.0014760494232177734
302,3.0,300.0,299.0,0.0,0.002245187759399414
303,3.0,400.0,399.0,0.0,0.0036470890045166016
304,3.0,500.0,499.0,0.0,0.004678010940551758
305,3.0,600.0,599.0,0.0,0.0030739307403564453
306,3.0,700.0,699.0,0.0,0.004136085510253906
307,3.0,800.0,799.0,0.0,0.006043195724487305
308,3.0,900.0,899.0,0.0,0.007524013519287109
309,3.0,1000.0,999.0,0.0,0.00937199592590332
310,3.0,1100.0,1099.0,0.0,0.009295940399169922
311,3.0,1200.0,1199.0,0.0,0.011214017868041992
312,3.0,1300.0,1299.0,0.0,0.008857011795043945
313,3.0,1400.0,1399.0,0.0,0.011544227600097656
314,3.0,1500.0,1499.0,0.0,0.012693643569946289
315,3.0,1600.0,1599.0,0.0,0.016559123992919922
316,3.0,1700.0,1699.0,0.0,0.010256767272949219
317,3.0,1800.0,1799.0,0.0,0.015347957611083984
318,3.0,1900.0,1899.0,0.0,0.018199920654296875
319,3.0,2000.0,1999.0,0.0,0.014371156692504883
320,3.0,2100.0,2099.0,0.0,0.020016908645629883
321,3.0,2200.0,2199.0,0.0,0.018114089965820312
322,3.0,2300.0,2299.0,0.0,0.01894688606262207
323,3.0,2400.0,2399.0,0.0,0.07537221908569336
324,3.0,2500.0,2499.0,0.0,0.02258014678955078
325,3.0,2600.0,2599.0,0.0,0.02397894859313965
326,3.0,2700.0,2699.0,0.0,0.021756887435913086
327,3.0,2800.0,2799.0,0.0,0.022059202194213867
328,3.0,2900.0,2899.0,0.0,0.022149085998535156
329,3.0,3000.0,2999.0,0.0,0.032340049743652344
330,3.0,3100.0,3099.0,0.0,0.030256271362304688
331,3.0,3200.0,3199.0,0.0,0.025409698486328125
332,3.0,3300.0,3299.0,0.0,0.027061939239501953
333,3.0,3400.0,3399.0,0.0,0.02367401123046875
334,3.0,3500.0,3499.0,0.0,0.031651973724365234
335,3.0,3600.0,3599.0,0.0,0.028711795806884766
336,3.0,3700.0,3699.0,0.0,0.031317949295043945
337,3.0,3800.0,3799.0,0.0,0.028619050979614258
338,3.0,3900.0,3899.0,0.0,0.03387284278869629
339,3.0,4000.0,3999.0,0.0,0.0312192440032959
340,3.0,4100.0,4099.0,0.0,0.026911020278930664
341,3.0,4200.0,4199.0,0.0,0.03525829315185547
342,3.0,4300.0,4299.0,0.0,0.034841060638427734
343,3.0,4400.0,4399.0,0.0,0.034142255783081055
344,3.0,4500.0,4499.0,0.0,0.03493022918701172
345,3.0,4600.0,4599.0,0.0,0.037162065505981445
346,3.0,4700.0,4699.0,0.0,0.03585696220397949
347,3.0,4800.0,4799.0,0.0,0.041702985763549805
348,3.0,4900.0,4899.0,0.0,0.03263211250305176
349,3.0,5000.0,4999.0,0.0,0.038063764572143555
350,3.0,5100.0,5099.0,0.0,0.03846406936645508
351,3.0,5200.0,5199.0,0.0,0.036804914474487305
352,3.0,5300.0,5299.0,0.0,0.04567408561706543
353,3.0,5400.0,5399.0,0.0,0.04670906066894531
354,3.0,5500.0,5499.0,0.0,0.046948909759521484
355,3.0,5600.0,5599.0,0.0,0.05011296272277832
356,3.0,5700.0,5699.0,0.0,0.042246103286743164
357,3.0,5800.0,5799.0,0.0,0.05323004722595215
358,3.0,5900.0,5899.0,0.0,0.048027992248535156
359,3.0,6000.0,5999.0,0.0,0.04667186737060547
360,3.0,6100.0,6099.0,0.0,0.05031228065490723
361,3.0,6200.0,6199.0,0.0,0.05243396759033203
362,3.0,6300.0,6299.0,0.0,0.04851102828979492
363,3.0,6400.0,6399.0,0.0,0.044625043869018555
364,3.0,6500.0,6499.0,0.0,0.0532228946685791
365,3.0,6600.0,6599.0,0.0,0.05686688423156738
366,3.0,6700.0,6699.0,0.0,0.056999921798706055
367,3.0,6800.0,6799.0,0.0,0.05512118339538574
368,3.0,6900.0,6899.0,0.0,0.052288055419921875
369,3.0,7000.0,6999.0,0.0,0.05457925796508789
370,3.0,7100.0,7099.0,0.0,0.058145999908447266
371,3.0,7200.0,7199.0,0.0,0.05048179626464844
372,3.0,7300.0,7299.0,0.0,0.06319022178649902
373,3.0,7400.0,7399.0,0.0,0.06123995780944824
374,3.0,7500.0,7499.0,0.0,0.0619809627532959
375,3.0,7600.0,7599.0,0.0,0.05898308753967285
376,3.0,7700.0,7699.0,0.0,0.06175398826599121
377,3.0,7800.0,7799.0,0.0,0.07108020782470703
378,3.0,7900.0,7899.0,0.0,0.05524086952209473
379,3.0,8000.0,7999.0,0.0,0.06794905662536621
380,3.0,8100.0,8099.0,0.0,0.0600428581237793
381,3.0,8200.0,8199.0,0.0,0.05780673027038574
382,3.0,8300.0,8299.0,0.0,0.08655738830566406
383,3.0,8400.0,8399.0,0.0,0.06621909141540527
384,3.0,8500.0,8499.0,0.0,0.0659027099609375
385,3.0,8600.0,8599.0,0.0,0.06709480285644531
386,3.0,8700.0,8699.0,0.0,0.0688779354095459
387,3.0,8800.0,8799.0,0.0,0.06792807579040527
388,3.0,8900.0,8899.0,0.0,0.0719308853149414
389,3.0,9000.0,8999.0,0.0,0.06620383262634277
390,3.0,9100.0,9099.0,0.0,0.07312703132629395
391,3.0,9200.0,9199.0,0.0,0.07700204849243164
392,3.0,9300.0,9299.0,0.0,0.0657198429107666
393,3.0,9400.0,9399.0,0.0,0.06962013244628906
394,3.0,9500.0,9499.0,0.0,0.0809941291809082
395,3.0,9600.0,9599.0,0.0,0.08611893653869629
396,3.0,9700.0,9699.0,0.0,0.07153773307800293
397,3.0,9800.0,9799.0,0.0,0.0780646800994873
398,3.0,9900.0,9899.0,0.0,0.08332681655883789
399,3.0,10000.0,9999.0,0.0,0.08594894409179688
400,4.0,100.0,99.0,0.0,0.0007371902465820312
401,4.0,200.0,199.0,0.0,0.001856088638305664
402,4.0,300.0,299.0,0.0,0.0023980140686035156
403,4.0,400.0,399.0,0.0,0.0022573471069335938
404,4.0,500.0,499.0,0.0,0.004899024963378906
405,4.0,600.0,599.0,0.0,0.0036401748657226562
406,4.0,700.0,699.0,0.0,0.005467891693115234
407,4.0,800.0,799.0,0.0,0.005296945571899414
408,4.0,900.0,899.0,0.0,0.007313251495361328
409,4.0,1000.0,999.0,0.0,0.0067899227142333984
410,4.0,1100.0,1099.0,0.0,0.007793903350830078
411,4.0,1200.0,1199.0,0.0,0.010070085525512695
412,4.0,1300.0,1299.0,0.0,0.008227825164794922
413,4.0,1400.0,1399.0,0.0,0.01395106315612793
414,4.0,1500.0,1499.0,0.0,0.0133819580078125
415,4.0,1600.0,1599.0,0.0,0.013043880462646484
416,4.0,1700.0,1699.0,0.0,0.014739036560058594
417,4.0,1800.0,1799.0,0.0,0.01271510124206543
418,4.0,1900.0,1899.0,0.0,0.013426780700683594
419,4.0,2000.0,1999.0,0.0,0.01393270492553711
420,4.0,2100.0,2099.0,0.0,0.01774001121520996
421,4.0,2200.0,2199.0,0.0,0.014857053756713867
422,4.0,2300.0,2299.0,0.0,0.0234220027923584
423,4.0,2400.0,2399.0,0.0,0.01613616943359375
424,4.0,2500.0,2499.0,0.0,0.018730878829956055
425,4.0,2600.0,2599.0,0.0,0.021852970123291016
426,4.0,2700.0,2699.0,0.0,0.022863149642944336
427,4.0,2800.0,2799.0,0.0,0.02507495880126953
428,4.0,2900.0,2899.0,0.0,0.03533506393432617
429,4.0,3000.0,2999.0,0.0,0.028756141662597656
430,4.0,3100.0,3099.0,0.0,0.03236508369445801
431,4.0,3200.0,3199.0,0.0,0.04777812957763672
432,4.0,3300.0,3299.0,0.0,0.032525062561035156
433,4.0,3400.0,3399.0,0.0,0.03460502624511719
434,4.0,3500.0,3499.0,0.0,0.03650403022766113
435,4.0,3600.0,3599.0,0.0,0.03854799270629883
436,4.0,3700.0,3699.0,0.0,0.03926682472229004
437,4.0,3800.0,3799.0,0.0,0.03037285804748535
438,4.0,3900.0,3899.0,0.0,0.03494691848754883
439,4.0,4000.0,3999.0,0.0,0.039434194564819336
440,4.0,4100.0,4099.0,0.0,0.036165714263916016
441,4.0,4200.0,4199.0,0.0,0.03477191925048828
442,4.0,4300.0,4299.0,0.0,0.03259897232055664
443,4.0,4400.0,4399.0,0.0,0.03000617027282715
444,4.0,4500.0,4499.0,0.0,0.041059017181396484
445,4.0,4600.0,4599.0,0.0,0.0421290397644043
446,4.0,4700.0,4699.0,0.0,0.04217982292175293
447,4.0,4800.0,4799.0,0.0,0.04268002510070801
448,4.0,4900.0,4899.0,0.0,0.04308605194091797
449,4.0,5000.0,4999.0,0.0,0.04015779495239258
450,4.0,5100.0,5099.0,0.0,0.04354500770568848
451,4.0,5200.0,5199.0,0.0,0.045288801193237305
452,4.0,5300.0,5299.0,0.0,0.041162967681884766
453,4.0,5400.0,5399.0,0.0,0.055581092834472656
454,4.0,5500.0,5499.0,0.0,0.08196711540222168
455,4.0,5600.0,5599.0,0.0,0.06327104568481445
456,4.0,5700.0,5699.0,0.0,0.05548691749572754
457,4.0,5800.0,5799.0,0.0,0.056761980056762695
458,4.0,5900.0,5899.0,0.0,0.05854201316833496
459,4.0,6000.0,5999.0,0.0,0.06351184844970703
460,4.0,6100.0,6099.0,0.0,0.04844093322753906
461,4.0,6200.0,6199.0,0.0,0.06391334533691406
462,4.0,6300.0,6299.0,0.0,0.060002803802490234
463,4.0,6400.0,6399.0,0.0,0.05732989311218262
464,4.0,6500.0,6499.0,0.0,0.05330491065979004
465,4.0,6600.0,6599.0,0.0,0.06810879707336426
466,4.0,6700.0,6699.0,0.0,0.05888795852661133
467,4.0,6800.0,6799.0,0.0,0.06526494026184082
468,4.0,6900.0,6899.0,0.0,0.058580875396728516
469,4.0,7000.0,6999.0,0.0,0.06011199951171875
470,4.0,7100.0,7099.0,0.0,0.06455492973327637
471,4.0,7200.0,7199.0,0.0,0.06351208686828613
472,4.0,7300.0,7299.0,0.0,0.06072211265563965
473,4.0,7400.0,7399.0,0.0,0.07117104530334473
474,4.0,7500.0,7499.0,0.0,0.07636880874633789
475,4.0,7600.0,7599.0,0.0,0.06766009330749512
476,4.0,7700.0,7699.0,0.0,0.06939911842346191
477,4.0,7800.0,7799.0,0.0,0.07278680801391602
478,4.0,7900.0,7899.0,0.0,0.07473897933959961
479,4.0,8000.0,7999.0,0.0,0.08982229232788086
480,4.0,8100.0,8099.0,0.0,0.13019704818725586
481,4.0,8200.0,8199.0,0.0,0.08155488967895508
482,4.0,8300.0,8299.0,0.0,0.08839702606201172
483,4.0,8400.0,8399.0,0.0,0.12743496894836426
484,4.0,8500.0,8499.0,0.0,0.07703900337219238
485,4.0,8600.0,8599.0,0.0,0.07397794723510742
486,4.0,8700.0,8699.0,0.0,0.08463001251220703
487,4.0,8800.0,8799.0,0.0,0.08061981201171875
488,4.0,8900.0,8899.0,0.0,0.08163928985595703
489,4.0,9000.0,8999.0,0.0,0.08222484588623047
490,4.0,9100.0,9099.0,0.0,0.11002898216247559
491,4.0,9200.0,9199.0,0.0,0.08556914329528809
492,4.0,9300.0,9299.0,0.0,0.0771028995513916
493,4.0,9400.0,9399.0,0.0,0.09565091133117676
494,4.0,9500.0,9499.0,0.0,0.08563113212585449
495,4.0,9600.0,9599.0,0.0,0.08567070960998535
496,4.0,9700.0,9699.0,0.0,0.10101890563964844
497,4.0,9800.0,9799.0,0.0,0.08583712577819824
498,4.0,9900.0,9899.0,0.0,0.0973818302154541
499,4.0,10000.0,9999.0,0.0,0.08529424667358398
500,5.0,100.0,99.0,0.0,0.0006380081176757812
501,5.0,200.0,199.0,0.0,0.0018260478973388672
502,5.0,300.0,299.0,0.0,0.002722024917602539
503,5.0,400.0,399.0,0.0,0.003310680389404297
504,5.0,500.0,499.0,0.0,0.003907203674316406
505,5.0,600.0,599.0,0.0,0.005965709686279297
506,5.0,700.0,699.0,0.0,0.006586790084838867
507,5.0,800.0,799.0,0.0,0.007875919342041016
508,5.0,900.0,899.0,0.0,0.009701013565063477
509,5.0,1000.0,999.0,0.0,0.008804798126220703
510,5.0,1100.0,1099.0,0.0,0.011041879653930664
511,5.0,1200.0,1199.0,0.0,0.014723062515258789
512,5.0,1300.0,1299.0,0.0,0.013237953186035156
513,5.0,1400.0,1399.0,0.0,0.012547016143798828
514,5.0,1500.0,1499.0,0.0,0.017802715301513672
515,5.0,1600.0,1599.0,0.0,0.01597905158996582
516,5.0,1700.0,1699.0,0.0,0.017299890518188477
517,5.0,1800.0,1799.0,0.0,0.017242908477783203
518,5.0,1900.0,1899.0,0.0,0.017264127731323242
519,5.0,2000.0,1999.0,0.0,0.01843094825744629
520,5.0,2100.0,2099.0,0.0,0.018483877182006836
521,5.0,2200.0,2199.0,0.0,0.022370100021362305
522,5.0,2300.0,2299.0,0.0,0.029848814010620117
523,5.0,2400.0,2399.0,0.0,0.023830890655517578
524,5.0,2500.0,2499.0,0.0,0.028483152389526367
525,5.0,2600.0,2599.0,0.0,0.025462865829467773
526,5.0,2700.0,2699.0,0.0,0.025925874710083008
527,5.0,2800.0,2799.0,0.0,0.029491186141967773
528,5.0,2900.0,2899.0,0.0,0.0264890193939209
529,5.0,3000.0,2999.0,0.0,0.03142094612121582
530,5.0,3100.0,3099.0,0.0,0.02997112274169922
531,5.0,3200.0,3199.0,0.0,0.02949810028076172
532,5.0,3300.0,3299.0,0.0,0.0258328914642334
533,5.0,3400.0,3399.0,0.0,0.0298311710357666
534,5.0,3500.0,3499.0,0.0,0.03087592124938965
535,5.0,3600.0,3599.0,0.0,0.03061079978942871
536,5.0,3700.0,3699.0,0.0,0.03311586380004883
537,5.0,3800.0,3799.0,0.0,0.031511783599853516
538,5.0,3900.0,3899.0,0.0,0.03165268898010254
539,5.0,4000.0,3999.0,0.0,0.04864692687988281
540,5.0,4100.0,4099.0,0.0,0.03819608688354492
541,5.0,4200.0,4199.0,0.0,0.03232312202453613
542,5.0,4300.0,4299.0,0.0,0.03702664375305176
543,5.0,4400.0,4399.0,0.0,0.03494000434875488
544,5.0,4500.0,4499.0,0.0,0.03710675239562988
545,5.0,4600.0,4599.0,0.0,0.04115605354309082
546,5.0,4700.0,4699.0,0.0,0.036097049713134766
547,5.0,4800.0,4799.0,0.0,0.04746413230895996
548,5.0,4900.0,4899.0,0.0,0.03749990463256836
549,5.0,5000.0,4999.0,0.0,0.0403590202331543
550,5.0,5100.0,5099.0,0.0,0.04317307472229004
551,5.0,5200.0,5199.0,0.0,0.04604291915893555
552,5.0,5300.0,5299.0,0.0,0.04773998260498047
553,5.0,5400.0,5399.0,0.0,0.04591798782348633
554,5.0,5500.0,5499.0,0.0,0.053893327713012695
555,5.0,5600.0,5599.0,0.0,0.0465850830078125
556,5.0,5700.0,5699.0,0.0,0.07634806632995605
557,5.0,5800.0,5799.0,0.0,0.056717872619628906
558,5.0,5900.0,5899.0,0.0,0.049384117126464844
559,5.0,6000.0,5999.0,0.0,0.046799659729003906
560,5.0,6100.0,6099.0,0.0,0.04762077331542969
561,5.0,6200.0,6199.0,0.0,0.054183244705200195
562,5.0,6300.0,6299.0,0.0,0.05112409591674805
563,5.0,6400.0,6399.0,0.0,0.05085897445678711
564,5.0,6500.0,6499.0,0.0,0.05329704284667969
565,5.0,6600.0,6599.0,0.0,0.04942202568054199
566,5.0,6700.0,6699.0,0.0,0.055352210998535156
567,5.0,6800.0,6799.0,0.0,0.05586385726928711
568,5.0,6900.0,6899.0,0.0,0.11162805557250977
569,5.0,7000.0,6999.0,0.0,0.057723045349121094
570,5.0,7100.0,7099.0,0.0,0.07341384887695312
571,5.0,7200.0,7199.0,0.0,0.05530500411987305
572,5.0,7300.0,7299.0,0.0,0.05847501754760742
573,5.0,7400.0,7399.0,0.0,0.06074714660644531
574,5.0,7500.0,7499.0,0.0,0.05965375900268555
575,5.0,7600.0,7599.0,0.0,0.07119393348693848
576,5.0,7700.0,7699.0,0.0,0.05845022201538086
577,5.0,7800.0,7799.0,0.0,0.05836987495422363
578,5.0,7900.0,7899.0,0.0,0.06113409996032715
579,5.0,8000.0,7999.0,0.0,0.061842918395996094
580,5.0,8100.0,8099.0,0.0,0.06999397277832031
581,5.0,8200.0,8199.0,0.0,0.07025599479675293
582,5.0,8300.0,8299.0,0.0,0.06760072708129883
583,5.0,8400.0,8399.0,0.0,0.06689810752868652
584,5.0,8500.0,8499.0,0.0,0.07324886322021484
585,5.0,8600.0,8599.0,0.0,0.07067108154296875
586,5.0,8700.0,8699.0,0.0,0.07482433319091797
587,5.0,8800.0,8799.0,0.0,0.07499504089355469
588,5.0,8900.0,8899.0,0.0,0.07402491569519043
589,5.0,9000.0,8999.0,0.0,0.07131314277648926
590,5.0,9100.0,9099.0,0.0,0.07381081581115723
591,5.0,9200.0,9199.0,0.0,0.0796658992767334
592,5.0,9300.0,9299.0,0.0,0.0835421085357666
593,5.0,9400.0,9399.0,0.0,0.07612109184265137
594,5.0,9500.0,9499.0,0.0,0.07089400291442871
595,5.0,9600.0,9599.0,0.0,0.07845592498779297
596,5.0,9700.0,9699.0,0.0,0.08385109901428223
597,5.0,9800.0,9799.0,0.0,0.08274269104003906
598,5.0,9900.0,9899.0,0.0,0.08386826515197754
599,5.0,10000.0,9999.0,0.0,0.08686423301696777
600,6.0,100.0,99.0,0.0,0.0005629062652587891
601,6.0,200.0,199.0,0.0,0.0014309883117675781
602,6.0,300.0,299.0,0.0,0.0028960704803466797
603,6.0,400.0,399.0,0.0,0.004662036895751953
604,6.0,500.0,499.0,0.0,0.0036611557006835938
605,6.0,600.0,599.0,0.0,0.003328084945678711
606,6.0,700.0,699.0,0.0,0.003504037857055664
607,6.0,800.0,799.0,0.0,0.007222890853881836
608,6.0,900.0,899.0,0.0,0.0063588619232177734
609,6.0,1000.0,999.0,0.0,0.008381843566894531
610,6.0,1100.0,1099.0,0.0,0.008770942687988281
611,6.0,1200.0,1199.0,0.0,0.010431051254272461
612,6.0,1300.0,1299.0,0.0,0.01178598403930664
613,6.0,1400.0,1399.0,0.0,0.009633064270019531
614,6.0,1500.0,1499.0,0.0,0.013067007064819336
615,6.0,1600.0,1599.0,0.0,0.013022184371948242
616,6.0,1700.0,1699.0,0.0,0.01867508888244629
617,6.0,1800.0,1799.0,0.0,0.015540838241577148
618,6.0,1900.0,1899.0,0.0,0.014170169830322266
619,6.0,2000.0,1999.0,0.0,0.017338037490844727
620,6.0,2100.0,2099.0,0.0,0.015837907791137695
621,6.0,2200.0,2199.0,0.0,0.018384218215942383
622,6.0,2300.0,2299.0,0.0,0.018171072006225586
623,6.0,2400.0,2399.0,0.0,0.021648883819580078
624,6.0,2500.0,2499.0,0.0,0.0243682861328125
625,6.0,2600.0,2599.0,0.0,0.02300119400024414
626,6.0,2700.0,2699.0,0.0,0.01872992515563965
627,6.0,2800.0,2799.0,0.0,0.022871017456054688
628,6.0,2900.0,2899.0,0.0,0.021966934204101562
629,6.0,3000.0,2999.0,0.0,0.029392242431640625
630,6.0,3100.0,3099.0,0.0,0.02710103988647461
631,6.0,3200.0,3199.0,0.0,0.030305147171020508
632,6.0,3300.0,3299.0,0.0,0.023395776748657227
633,6.0,3400.0,3399.0,0.0,0.028536081314086914
634,6.0,3500.0,3499.0,0.0,0.028383970260620117
635,6.0,3600.0,3599.0,0.0,0.030608177185058594
636,6.0,3700.0,3699.0,0.0,0.02878117561340332
637,6.0,3800.0,3799.0,0.0,0.033555030822753906
638,6.0,3900.0,3899.0,0.0,0.03175973892211914
639,6.0,4000.0,3999.0,0.0,0.03457808494567871
640,6.0,4100.0,4099.0,0.0,0.034683942794799805
641,6.0,4200.0,4199.0,0.0,0.03622174263000488
642,6.0,4300.0,4299.0,0.0,0.0381770133972168
643,6.0,4400.0,4399.0,0.0,0.037937164306640625
644,6.0,4500.0,4499.0,0.0,0.043247222900390625
645,6.0,4600.0,4599.0,0.0,0.04052591323852539
646,6.0,4700.0,4699.0,0.0,0.04180288314819336
647,6.0,4800.0,4799.0,0.0,0.04109597206115723
648,6.0,4900.0,4899.0,0.0,0.04025721549987793
649,6.0,5000.0,4999.0,0.0,0.03961324691772461
650,6.0,5100.0,5099.0,0.0,0.046382904052734375
651,6.0,5200.0,5199.0,0.0,0.04433298110961914
652,6.0,5300.0,5299.0,0.0,0.04497694969177246
653,6.0,5400.0,5399.0,0.0,0.04672527313232422
654,6.0,5500.0,5499.0,0.0,0.04583024978637695
655,6.0,5600.0,5599.0,0.0,0.04981279373168945
656,6.0,5700.0,5699.0,0.0,0.05187487602233887
657,6.0,5800.0,5799.0,0.0,0.051898956298828125
658,6.0,5900.0,5899.0,0.0,0.05900001525878906
659,6.0,6000.0,5999.0,0.0,0.054490089416503906
660,6.0,6100.0,6099.0,0.0,0.05172109603881836
661,6.0,6200.0,6199.0,0.0,0.05547690391540527
662,6.0,6300.0,6299.0,0.0,0.05277109146118164
663,6.0,6400.0,6399.0,0.0,0.08473086357116699
664,6.0,6500.0,6499.0,0.0,0.06130790710449219
665,6.0,6600.0,6599.0,0.0,0.05764913558959961
666,6.0,6700.0,6699.0,0.0,0.0555877685546875
667,6.0,6800.0,6799.0,0.0,0.05737924575805664
668,6.0,6900.0,6899.0,0.0,0.055587053298950195
669,6.0,7000.0,6999.0,0.0,0.06284689903259277
670,6.0,7100.0,7099.0,0.0,0.06323504447937012
671,6.0,7200.0,7199.0,0.0,0.07821011543273926
672,6.0,7300.0,7299.0,0.0,0.06108212471008301
673,6.0,7400.0,7399.0,0.0,0.06488800048828125
674,6.0,7500.0,7499.0,0.0,0.0783698558807373
675,6.0,7600.0,7599.0,0.0,0.06100034713745117
676,6.0,7700.0,7699.0,0.0,0.06387686729431152
677,6.0,7800.0,7799.0,0.0,0.06883978843688965
678,6.0,7900.0,7899.0,0.0,0.07449197769165039
679,6.0,8000.0,7999.0,0.0,0.06386184692382812
680,6.0,8100.0,8099.0,0.0,0.06653308868408203
681,6.0,8200.0,8199.0,0.0,0.07014870643615723
682,6.0,8300.0,8299.0,0.0,0.07218098640441895
683,6.0,8400.0,8399.0,0.0,0.06890082359313965
684,6.0,8500.0,8499.0,0.0,0.07040691375732422
685,6.0,8600.0,8599.0,0.0,0.07606887817382812
686,6.0,8700.0,8699.0,0.0,0.07895398139953613
687,6.0,8800.0,8799.0,0.0,0.08183026313781738
688,6.0,8900.0,8899.0,0.0,0.07860994338989258
689,6.0,9000.0,8999.0,0.0,0.0823359489440918
690,6.0,9100.0,9099.0,0.0,0.07940292358398438
691,6.0,9200.0,9199.0,0.0,0.08210110664367676
692,6.0,9300.0,9299.0,0.0,0.08025121688842773
693,6.0,9400.0,9399.0,0.0,0.07982206344604492
694,6.0,9500.0,9499.0,0.0,0.08052206039428711
695,6.0,9600.0,9599.0,0.0,0.07240080833435059
696,6.0,9700.0,9699.0,0.0,0.07974696159362793
697,6.0,9800.0,9799.0,0.0,0.08279705047607422
698,6.0,9900.0,9899.0,0.0,0.08217620849609375
699,6.0,10000.0,9999.0,0.0,0.08357000350952148
700,7.0,100.0,99.0,0.0,0.0007758140563964844
701,7.0,200.0,199.0,0.0,0.0015680789947509766
702,7.0,300.0,299.0,0.0,0.0025560855865478516
703,7.0,400.0,399.0,0.0,0.0047299861907958984
704,7.0,500.0,499.0,0.0,0.007586956024169922
705,7.0,600.0,599.0,0.0,0.00586700439453125
706,7.0,700.0,699.0,0.0,0.00542902946472168
707,7.0,800.0,799.0,0.0,0.011707067489624023
708,7.0,900.0,899.0,0.0,0.007330894470214844
709,7.0,1000.0,999.0,0.0,0.009636878967285156
710,7.0,1100.0,1099.0,0.0,0.009328842163085938
711,7.0,1200.0,1199.0,0.0,0.012862920761108398
712,7.0,1300.0,1299.0,0.0,0.010808706283569336
713,7.0,1400.0,1399.0,0.0,0.012779951095581055
714,7.0,1500.0,1499.0,0.0,0.010486841201782227
715,7.0,1600.0,1599.0,0.0,0.011584043502807617
716,7.0,1700.0,1699.0,0.0,0.013823986053466797
717,7.0,1800.0,1799.0,0.0,0.01606583595275879
718,7.0,1900.0,1899.0,0.0,0.01671004295349121
719,7.0,2000.0,1999.0,0.0,0.015627622604370117
720,7.0,2100.0,2099.0,0.0,0.020370960235595703
721,7.0,2200.0,2199.0,0.0,0.020882129669189453
722,7.0,2300.0,2299.0,0.0,0.021757125854492188
723,7.0,2400.0,2399.0,0.0,0.02175307273864746
724,7.0,2500.0,2499.0,0.0,0.021683216094970703
725,7.0,2600.0,2599.0,0.0,0.02071380615234375
726,7.0,2700.0,2699.0,0.0,0.023945093154907227
727,7.0,2800.0,2799.0,0.0,0.02065300941467285
728,7.0,2900.0,2899.0,0.0,0.02504706382751465
729,7.0,3000.0,2999.0,0.0,0.022279977798461914
730,7.0,3100.0,3099.0,0.0,0.023082971572875977
731,7.0,3200.0,3199.0,0.0,0.030437231063842773
732,7.0,3300.0,3299.0,0.0,0.024970293045043945
733,7.0,3400.0,3399.0,0.0,0.02948307991027832
734,7.0,3500.0,3499.0,0.0,0.0309598445892334
735,7.0,3600.0,3599.0,0.0,0.030253171920776367
736,7.0,3700.0,3699.0,0.0,0.027556896209716797
737,7.0,3800.0,3799.0,0.0,0.034132957458496094
738,7.0,3900.0,3899.0,0.0,0.03521084785461426
739,7.0,4000.0,3999.0,0.0,0.0336909294128418
740,7.0,4100.0,4099.0,0.0,0.03305697441101074
741,7.0,4200.0,4199.0,0.0,0.03620314598083496
742,7.0,4300.0,4299.0,0.0,0.038797855377197266
743,7.0,4400.0,4399.0,0.0,0.036355018615722656
744,7.0,4500.0,4499.0,0.0,0.03973507881164551
745,7.0,4600.0,4599.0,0.0,0.04352998733520508
746,7.0,4700.0,4699.0,0.0,0.03889894485473633
747,7.0,4800.0,4799.0,0.0,0.03885793685913086
748,7.0,4900.0,4899.0,0.0,0.04188799858093262
749,7.0,5000.0,4999.0,0.0,0.040242910385131836
750,7.0,5100.0,5099.0,0.0,0.04005789756774902
751,7.0,5200.0,5199.0,0.0,0.04563188552856445
752,7.0,5300.0,5299.0,0.0,0.04281926155090332
753,7.0,5400.0,5399.0,0.0,0.045619964599609375
754,7.0,5500.0,5499.0,0.0,0.04790091514587402
755,7.0,5600.0,5599.0,0.0,0.04598188400268555
756,7.0,5700.0,5699.0,0.0,0.05005693435668945
757,7.0,5800.0,5799.0,0.0,0.047785043716430664
758,7.0,5900.0,5899.0,0.0,0.051885128021240234
759,7.0,6000.0,5999.0,0.0,0.05742287635803223
760,7.0,6100.0,6099.0,0.0,0.05365300178527832
761,7.0,6200.0,6199.0,0.0,0.053716182708740234
762,7.0,6300.0,6299.0,0.0,0.04758810997009277
763,7.0,6400.0,6399.0,0.0,0.05356192588806152
764,7.0,6500.0,6499.0,0.0,0.05511593818664551
765,7.0,6600.0,6599.0,0.0,0.059094905853271484
766,7.0,6700.0,6699.0,0.0,0.05250096321105957
767,7.0,6800.0,6799.0,0.0,0.058362722396850586
768,7.0,6900.0,6899.0,0.0,0.06525111198425293
769,7.0,7000.0,6999.0,0.0,0.06402897834777832
770,7.0,7100.0,7099.0,0.0,0.06463098526000977
771,7.0,7200.0,7199.0,0.0,0.05902099609375
772,7.0,7300.0,7299.0,0.0,0.06464290618896484
773,7.0,7400.0,7399.0,0.0,0.06634402275085449
774,7.0,7500.0,7499.0,0.0,0.06318998336791992
775,7.0,7600.0,7599.0,0.0,0.061697959899902344
776,7.0,7700.0,7699.0,0.0,0.06831121444702148
777,7.0,7800.0,7799.0,0.0,0.07252311706542969
778,7.0,7900.0,7899.0,0.0,0.06322216987609863
779,7.0,8000.0,7999.0,0.0,0.07274532318115234
780,7.0,8100.0,8099.0,0.0,0.06869387626647949
781,7.0,8200.0,8199.0,0.0,0.06482982635498047
782,7.0,8300.0,8299.0,0.0,0.07034087181091309
783,7.0,8400.0,8399.0,0.0,0.06921100616455078
784,7.0,8500.0,8499.0,0.0,0.07183194160461426
785,7.0,8600.0,8599.0,0.0,0.07167387008666992
786,7.0,8700.0,8699.0,0.0,0.07553887367248535
787,7.0,8800.0,8799.0,0.0,0.08167505264282227
788,7.0,8900.0,8899.0,0.0,0.07952308654785156
789,7.0,9000.0,8999.0,0.0,0.07952308654785156
790,7.0,9100.0,9099.0,0.0,0.07837319374084473
791,7.0,9200.0,9199.0,0.0,0.07753896713256836
792,7.0,9300.0,9299.0,0.0,0.08838605880737305
793,7.0,9400.0,9399.0,0.0,0.08011817932128906
794,7.0,9500.0,9499.0,0.0,0.07861685752868652
795,7.0,9600.0,9599.0,0.0,0.08087015151977539
796,7.0,9700.0,9699.0,0.0,0.08654212951660156
797,7.0,9800.0,9799.0,0.0,0.08462285995483398
798,7.0,9900.0,9899.0,0.0,0.0794820785522461
799,7.0,10000.0,9999.0,0.0,0.10840415954589844
800,8.0,100.0,99.0,0.0,0.00131988525390625
801,8.0,200.0,199.0,0.0,0.0016219615936279297
802,8.0,300.0,299.0,0.0,0.002682209014892578
803,8.0,400.0,399.0,0.0,0.0032501220703125
804,8.0,500.0,499.0,0.0,0.0030312538146972656
805,8.0,600.0,599.0,0.0,0.004415988922119141
806,8.0,700.0,699.0,0.0,0.006977081298828125
807,8.0,800.0,799.0,0.0,0.006445169448852539
808,8.0,900.0,899.0,0.0,0.009248733520507812
809,8.0,1000.0,999.0,0.0,0.008435964584350586
810,8.0,1100.0,1099.0,0.0,0.007861852645874023
811,8.0,1200.0,1199.0,0.0,0.012380123138427734
812,8.0,1300.0,1299.0,0.0,0.012047052383422852
813,8.0,1400.0,1399.0,0.0,0.013475179672241211
814,8.0,1500.0,1499.0,0.0,0.011897087097167969
815,8.0,1600.0,1599.0,0.0,0.023089170455932617
816,8.0,1700.0,1699.0,0.0,0.015796899795532227
817,8.0,1800.0,1799.0,0.0,0.01703190803527832
818,8.0,1900.0,1899.0,0.0,0.017116308212280273
819,8.0,2000.0,1999.0,0.0,0.019308090209960938
820,8.0,2100.0,2099.0,0.0,0.019696950912475586
821,8.0,2200.0,2199.0,0.0,0.02440023422241211
822,8.0,2300.0,2299.0,0.0,0.021722078323364258
823,8.0,2400.0,2399.0,0.0,0.026584148406982422
824,8.0,2500.0,2499.0,0.0,0.019254207611083984
825,8.0,2600.0,2599.0,0.0,0.03777790069580078
826,8.0,2700.0,2699.0,0.0,0.02225780487060547
827,8.0,2800.0,2799.0,0.0,0.04085087776184082
828,8.0,2900.0,2899.0,0.0,0.030504941940307617
829,8.0,3000.0,2999.0,0.0,0.030232906341552734
830,8.0,3100.0,3099.0,0.0,0.042160987854003906
831,8.0,3200.0,3199.0,0.0,0.033396005630493164
832,8.0,3300.0,3299.0,0.0,0.03853106498718262
833,8.0,3400.0,3399.0,0.0,0.03215622901916504
834,8.0,3500.0,3499.0,0.0,0.034689903259277344
835,8.0,3600.0,3599.0,0.0,0.09403324127197266
836,8.0,3700.0,3699.0,0.0,0.03818917274475098
837,8.0,3800.0,3799.0,0.0,0.03676486015319824
838,8.0,3900.0,3899.0,0.0,0.03849196434020996
839,8.0,4000.0,3999.0,0.0,0.0344088077545166
840,8.0,4100.0,4099.0,0.0,0.03497600555419922
841,8.0,4200.0,4199.0,0.0,0.03636002540588379
842,8.0,4300.0,4299.0,0.0,0.03452920913696289
843,8.0,4400.0,4399.0,0.0,0.03772878646850586
844,8.0,4500.0,4499.0,0.0,0.03931784629821777
845,8.0,4600.0,4599.0,0.0,0.0410618782043457
846,8.0,4700.0,4699.0,0.0,0.04429984092712402
847,8.0,4800.0,4799.0,0.0,0.04560494422912598
848,8.0,4900.0,4899.0,0.0,0.04478120803833008
849,8.0,5000.0,4999.0,0.0,0.04435896873474121
850,8.0,5100.0,5099.0,0.0,0.04621481895446777
851,8.0,5200.0,5199.0,0.0,0.04632401466369629
852,8.0,5300.0,5299.0,0.0,0.0727701187133789
853,8.0,5400.0,5399.0,0.0,0.05261516571044922
854,8.0,5500.0,5499.0,0.0,0.07019996643066406
855,8.0,5600.0,5599.0,0.0,0.06298184394836426
856,8.0,5700.0,5699.0,0.0,0.05435299873352051
857,8.0,5800.0,5799.0,0.0,0.0550689697265625
858,8.0,5900.0,5899.0,0.0,0.06416797637939453
859,8.0,6000.0,5999.0,0.0,0.05605912208557129
860,8.0,6100.0,6099.0,0.0,0.05495190620422363
861,8.0,6200.0,6199.0,0.0,0.05618095397949219
862,8.0,6300.0,6299.0,0.0,0.060132741928100586
863,8.0,6400.0,6399.0,0.0,0.06148791313171387
864,8.0,6500.0,6499.0,0.0,0.06678605079650879
865,8.0,6600.0,6599.0,0.0,0.08765006065368652
866,8.0,6700.0,6699.0,0.0,0.07890820503234863
867,8.0,6800.0,6799.0,0.0,0.0672452449798584
868,8.0,6900.0,6899.0,0.0,0.07752513885498047
869,8.0,7000.0,6999.0,0.0,0.06632614135742188
870,8.0,7100.0,7099.0,0.0,0.07051706314086914
871,8.0,7200.0,7199.0,0.0,0.06758594512939453
872,8.0,7300.0,7299.0,0.0,0.06528806686401367
873,8.0,7400.0,7399.0,0.0,0.0787661075592041
874,8.0,7500.0,7499.0,0.0,0.13953304290771484
875,8.0,7600.0,7599.0,0.0,0.07296490669250488
876,8.0,7700.0,7699.0,0.0,0.07299613952636719
877,8.0,7800.0,7799.0,0.0,0.07402706146240234
878,8.0,7900.0,7899.0,0.0,0.1285538673400879
879,8.0,8000.0,7999.0,0.0,0.09961605072021484
880,8.0,8100.0,8099.0,0.0,0.0825049877166748
881,8.0,8200.0,8199.0,0.0,0.08974385261535645
882,8.0,8300.0,8299.0,0.0,0.08070087432861328
883,8.0,8400.0,8399.0,0.0,0.07506823539733887
884,8.0,8500.0,8499.0,0.0,0.07994294166564941
885,8.0,8600.0,8599.0,0.0,0.08024787902832031
886,8.0,8700.0,8699.0,0.0,0.07582688331604004
887,8.0,8800.0,8799.0,0.0,0.07558393478393555
888,8.0,8900.0,8899.0,0.0,0.07774496078491211
889,8.0,9000.0,8999.0,0.0,0.07814407348632812
890,8.0,9100.0,9099.0,0.0,0.08136320114135742
891,8.0,9200.0,9199.0,0.0,0.11057376861572266
892,8.0,9300.0,9299.0,0.0,0.11736488342285156
893,8.0,9400.0,9399.0,0.0,0.09650993347167969
894,8.0,9500.0,9499.0,0.0,0.09524774551391602
895,8.0,9600.0,9599.0,0.0,0.0875389575958252
896,8.0,9700.0,9699.0,0.0,0.08787679672241211
897,8.0,9800.0,9799.0,0.0,0.08739399909973145
898,8.0,9900.0,9899.0,0.0,0.07976007461547852
899,8.0,10000.0,9999.0,0.0,0.08485579490661621
900,9.0,100.0,99.0,0.0,0.0006010532379150391
901,9.0,200.0,199.0,0.0,0.0014901161193847656
902,9.0,300.0,299.0,0.0,0.002413034439086914
903,9.0,400.0,399.0,0.0,0.0032358169555664062
904,9.0,500.0,499.0,0.0,0.002807140350341797
905,9.0,600.0,599.0,0.0,0.005489826202392578
906,9.0,700.0,699.0,0.0,0.004271745681762695
907,9.0,800.0,799.0,0.0,0.007179737091064453
908,9.0,900.0,899.0,0.0,0.007675886154174805
909,9.0,1000.0,999.0,0.0,0.009414911270141602
910,9.0,1100.0,1099.0,0.0,0.009018898010253906
911,9.0,1200.0,1199.0,0.0,0.011750936508178711
912,9.0,1300.0,1299.0,0.0,0.009613990783691406
913,9.0,1400.0,1399.0,0.0,0.014080047607421875
914,9.0,1500.0,1499.0,0.0,0.013009071350097656
915,9.0,1600.0,1599.0,0.0,0.015427112579345703
916,9.0,1700.0,1699.0,0.0,0.014429807662963867
917,9.0,1800.0,1799.0,0.0,0.01634812355041504
918,9.0,1900.0,1899.0,0.0,0.015387296676635742
919,9.0,2000.0,1999.0,0.0,0.016965150833129883
920,9.0,2100.0,2099.0,0.0,0.020202159881591797
921,9.0,2200.0,2199.0,0.0,0.017735004425048828
922,9.0,2300.0,2299.0,0.0,0.020879030227661133
923,9.0,2400.0,2399.0,0.0,0.04187321662902832
924,9.0,2500.0,2499.0,0.0,0.023370027542114258
925,9.0,2600.0,2599.0,0.0,0.023282766342163086
926,9.0,2700.0,2699.0,0.0,0.02718210220336914
927,9.0,2800.0,2799.0,0.0,0.02875494956970215
928,9.0,2900.0,2899.0,0.0,0.02868366241455078
929,9.0,3000.0,2999.0,0.0,0.022302865982055664
930,9.0,3100.0,3099.0,0.0,0.021999835968017578
931,9.0,3200.0,3199.0,0.0,0.03132200241088867
932,9.0,3300.0,3299.0,0.0,0.027904033660888672
933,9.0,3400.0,3399.0,0.0,0.02343606948852539
934,9.0,3500.0,3499.0,0.0,0.029182910919189453
935,9.0,3600.0,3599.0,0.0,0.029289960861206055
936,9.0,3700.0,3699.0,0.0,0.0351109504699707
937,9.0,3800.0,3799.0,0.0,0.03385019302368164
938,9.0,3900.0,3899.0,0.0,0.04151415824890137
939,9.0,4000.0,3999.0,0.0,0.03387284278869629
940,9.0,4100.0,4099.0,0.0,0.03327369689941406
941,9.0,4200.0,4199.0,0.0,0.03274106979370117
942,9.0,4300.0,4299.0,0.0,0.03342008590698242
943,9.0,4400.0,4399.0,0.0,0.034329891204833984
944,9.0,4500.0,4499.0,0.0,0.037470102310180664
945,9.0,4600.0,4599.0,0.0,0.043884992599487305
946,9.0,4700.0,4699.0,0.0,0.03664898872375488
947,9.0,4800.0,4799.0,0.0,0.03650498390197754
948,9.0,4900.0,4899.0,0.0,0.03811836242675781
949,9.0,5000.0,4999.0,0.0,0.04136180877685547
950,9.0,5100.0,5099.0,0.0,0.04073500633239746
951,9.0,5200.0,5199.0,0.0,0.0430760383605957
952,9.0,5300.0,5299.0,0.0,0.04526996612548828
953,9.0,5400.0,5399.0,0.0,0.08203983306884766
954,9.0,5500.0,5499.0,0.0,0.04033827781677246
955,9.0,5600.0,5599.0,0.0,0.04727315902709961
956,9.0,5700.0,5699.0,0.0,0.04444575309753418
957,9.0,5800.0,5799.0,0.0,0.04931306838989258
958,9.0,5900.0,5899.0,0.0,0.04558730125427246
959,9.0,6000.0,5999.0,0.0,0.0550689697265625
960,9.0,6100.0,6099.0,0.0,0.04792594909667969
961,9.0,6200.0,6199.0,0.0,0.04929208755493164
962,9.0,6300.0,6299.0,0.0,0.05101585388183594
963,9.0,6400.0,6399.0,0.0,0.04636502265930176
964,9.0,6500.0,6499.0,0.0,0.05267190933227539
965,9.0,6600.0,6599.0,0.0,0.05953836441040039
966,9.0,6700.0,6699.0,0.0,0.0588681697845459
967,9.0,6800.0,6799.0,0.0,0.05659604072570801
968,9.0,6900.0,6899.0,0.0,0.06203508377075195
969,9.0,7000.0,6999.0,0.0,0.0586550235748291
970,9.0,7100.0,7099.0,0.0,0.05902600288391113
971,9.0,7200.0,7199.0,0.0,0.05513715744018555
972,9.0,7300.0,7299.0,0.0,0.05895495414733887
973,9.0,7400.0,7399.0,0.0,0.05780291557312012
974,9.0,7500.0,7499.0,0.0,0.057085275650024414
975,9.0,7600.0,7599.0,0.0,0.059983253479003906
976,9.0,7700.0,7699.0,0.0,0.06662988662719727
977,9.0,7800.0,7799.0,0.0,0.0618438720703125
978,9.0,7900.0,7899.0,0.0,0.06860899925231934
979,9.0,8000.0,7999.0,0.0,0.07273030281066895
980,9.0,8100.0,8099.0,0.0,0.06892514228820801
981,9.0,8200.0,8199.0,0.0,0.07088112831115723
982,9.0,8300.0,8299.0,0.0,0.06410908699035645
983,9.0,8400.0,8399.0,0.0,0.06636905670166016
984,9.0,8500.0,8499.0,0.0,0.07033705711364746
985,9.0,8600.0,8599.0,0.0,0.06351089477539062
986,9.0,8700.0,8699.0,0.0,0.07575702667236328
987,9.0,8800.0,8799.0,0.0,0.07258224487304688
988,9.0,8900.0,8899.0,0.0,0.06781482696533203
989,9.0,9000.0,8999.0,0.0,0.06463098526000977
990,9.0,9100.0,9099.0,0.0,0.07274079322814941
991,9.0,9200.0,9199.0,0.0,0.07842206954956055
992,9.0,9300.0,9299.0,0.0,0.08541584014892578
993,9.0,9400.0,9399.0,0.0,0.07581710815429688
994,9.0,9500.0,9499.0,0.0,0.08276605606079102
995,9.0,9600.0,9599.0,0.0,0.0752110481262207
996,9.0,9700.0,9699.0,0.0,0.09238195419311523
997,9.0,9800.0,9799.0,0.0,0.07614898681640625
998,9.0,9900.0,9899.0,0.0,0.08028888702392578
999,9.0,10000.0,9999.0,0.0,0.0725240707397461
